APN,ADDRESS,Date_Sale,Sale_Amount,Num_Bedrooms,BLKLOT
3570 101,566 SOUTH VAN NESS AVE #3,1/3/2012,"$425,500 ",2,3570101
3719 181,301 MISSION ST #22E,1/3/2012,"$1,160,000 ",2,3719181
8704 277,300 BERRY ST # 1612,1/3/2012,"$774,025 ",2,8704277
1836 032,1463 17TH AVE,1/4/2012,"$660,000 ",2,1836032
3594 079,3380 20TH ST 302,1/4/2012,"$450,000 ",2,3594079
1159 042,1944 MCALLISTER ST,1/5/2012,"$680,000 ",2,1159042
3794 274,170 KING ST #1127,1/5/2012,"$820,000 ",2,3794274
4720 080,15 REBECCA LN,1/5/2012,"$227,000 ",2,4720080
4991 681,110 OTTER COVE TERRACE,1/5/2012,"$476,000 ",2,4991681
7254 012,69 SPRINGFIELD DR,1/5/2012,"$640,000 ",2,7254012
1012 044,3716 SACRAMENTO ST,1/6/2012,"$1,365,000 ",2,1012044
1931 041,1609 12TH AVE,1/6/2012,"$470,000 ",2,1931041
3604 113,741 NOE ST,1/6/2012,"$945,000 ",2,3604113
5068 001A,46 WABASH TER,1/6/2012,"$475,000 ",2,5068001A
5672 028F,315 COLERIDGE ST,1/6/2012,"$850,000 ",2,5672028F
6239 012,242 RAYMOND AVE,1/6/2012,"$459,000 ",2,6239012
7517 057,5150 DIAMOND HEIGHTS BLVD 201B,1/6/2012,"$275,000 ",2,7517057
1215 065,350 BRODERICK ST UNIT 319,1/9/2012,"$720,000 ",2,1215065
5521 041,98 STONEMAN ST,1/9/2012,"$450,000 ",2,5521041
5521 042,96 STONEMAN ST,1/9/2012,"$699,000 ",2,5521042
8702 393,260 KING ST #1303,1/9/2012,"$860,000 ",2,8702393
0627 015,2151 LAGUNA ST 1,1/10/2012,"$1,400,000 ",2,627015
1062 062,166 PALM AVE #1,1/10/2012,"$655,000 ",2,1062062
3785 039,175 BLUXOME ST #110,1/10/2012,"$1,500 ",2,3785039
8702 146,250 KING ST #430,1/10/2012,"$707,000 ",2,8702146
1175 088,2001 MCALLISTER ST 202,1/11/2012,"$582,000 ",2,1175088
1333 048,195 25TH AVE 301,1/11/2012,"$725,000 ",2,1333048
3793 108,88 KING  #603,1/11/2012,"$952,000 ",2,3793108
6554 047,4124 26TH ST,1/11/2012,"$778,000 ",2,6554047
0638 066,2299 SACRAMENTO ST 10,1/12/2012,"$790,000 ",2,638066
1175 051,2001 MCALLISTER ST 115,1/12/2012,"$710,000 ",2,1175051
1453 062,322 22ND AVE #201,1/12/2012,"$719,000 ",2,1453062
3776 398,555 04TH ST #827,1/12/2012,"$850,000 ",2,3776398
6301 023,1030 SUNNYDALE AVE,1/12/2012,"$370,000 ",2,6301023
1734 050,1245 16TH AVE,1/13/2012,"$744,000 ",2,1734050
3722 300,188 MINNA ST 28F,1/13/2012,"$1,140,000 ",2,3722300
3978 081,451 KANSAS ST #448,1/13/2012,"$625,000 ",2,3978081
4106 156,989 20TH ST #469,1/13/2012,"$730,000 ",2,4106156
0275B117,900 BUSH ST,1/18/2012,"$512,000 ",2,0275B117
0279 049,1299 BUSH ST #603,1/19/2012,"$685,000 ",2,279049
0452T044F,900 NORTH POINT ST 631 MB36F,1/19/2012,"$208,000 ",2,0452T044F
0739 040,818 VAN NESS AVE #407,1/19/2012,"$680,000 ",2,739040
3719 070,301 MISSION ST #8E,1/19/2012,"$920,000 ",2,3719070
0128C026,1750 TAYLOR ST #0803,1/20/2012,"$1,900,000 ",2,0128C026
0219 041,1417 CLAY ST,1/20/2012,"$1,025,000 ",2,219041
0735 073,1148 EDDY ST A,1/20/2012,"$377,000 ",2,735073
1294 024,1572 SHRADER ST,1/20/2012,"$1,890,000 ",2,1294024
2778 065,829 CORBETT AVE #4,1/20/2012,"$1,300,000 ",2,2778065
3719 114,301 MISSION ST #14G,1/20/2012,"$1,130,000 ",2,3719114
5421 124,1780 BANCROFT #4207,1/23/2012,"$231,255 ",2,5421124
0742 037,750 VAN NESS 205,1/24/2012,"$480,000 ",2,742037
2031 004D,1753 18TH AVE,1/24/2012,"$588,000 ",2,2031004D
2653 009,236 CORBETT AVE,1/24/2012,"$809,900 ",2,2653009
0047C135,1080 CHESTNUT ST #009B,1/25/2012,"$750,000 ",2,0047C135
0732 105,1300 FILLMORE ST PH-1A,1/25/2012,"$554,100 ",2,732105
3719 294,301 MISSION ST #39E,1/25/2012,"$2,004,000 ",2,3719294
5555 009,20 MASSASOIT ST,1/25/2012,"$550,000 ",2,5555009
3054 060,547 LOS PALMOS DR,1/26/2012,"$1,025,000 ",2,3054060
0311 112,690 MARKET ST #2301,1/27/2012,"$1,340,000 ",2,311112
1692 105,855 LA PLAYA  461,1/27/2012,"$380,000 ",2,1692105
2629A060,455 UPPER TER #5,1/27/2012,"$820,637 ",2,2629A060
2854 017,145 GARDENSIDE DR 17,1/27/2012,"$565,000 ",2,2854017
3722 284,188 MINNA ST 26B,1/27/2012,"$2,000,000 ",2,3722284
0657 032,1800 SCOTT ST,1/31/2012,"$1,450,000 ",2,657032
3719 406,301 MISSION ST #602,1/31/2012,"$1,880,000 ",2,3719406
3774 255,200 BRANNAN ST #114,1/31/2012,"$205,720 ",2,3774255
3978 129,451 KANSAS ST #529,1/31/2012,"$625,000 ",2,3978129
5386 032,2022 KEITH ST,1/31/2012,"$231,600 ",2,5386032
0739 066,818 VAN NESS AVE #803,2/1/2012,"$972,350 ",2,739066
7053 003B,809 PLYMOUTH AVE,2/1/2012,"$315,000 ",2,7053003B
1553 011,557 10TH AVE,2/2/2012,"$1,300,000 ",2,1553011
5421 057,1740 BANCROFT ST #552,2/2/2012,"$263,803 ",2,5421057
0275B146,900 BUSH ST 814,2/3/2012,"$525,000 ",2,0275B146
0646 043,1635 CALIFORNIA ST #62,2/3/2012,"$649,000 ",2,646043
0739 056,818 VAN NESS AVE #607,2/3/2012,"$605,000 ",2,739056
1925 011,1680 19TH AVE,2/3/2012,"$512,000 ",2,1925011
2302 051,2206 48TH AVE,2/3/2012,"$600,000 ",2,2302051
6410 038,2 AMAZON AVE 301,2/6/2012,"$260,000 ",2,6410038
6604 038,647 DUNCAN ST,2/6/2012,"$700,000 ",2,6604038
1269 097,141 DOWNEY ST,2/8/2012,"$1,220,000 ",2,1269097
2022 027,1746 28TH AVE,2/8/2012,"$575,000 ",2,2022027
3092 043,489 JOOST AVE,2/8/2012,"$637,000 ",2,3092043
3559 020,246 SANCHEZ ST A,2/8/2012,"$875,000 ",2,3559020
0088 051,524 FILBERT ST,2/9/2012,"$715,000 ",2,88051
0719 090,238 OLIVE ST #502,2/9/2012,"$750,000 ",2,719090
1692 065,855 LA PLAYA  253,2/9/2012,"$360,000 ",2,1692065
3719 281,301 MISSION ST #37D,2/9/2012,"$2,750,000 ",2,3719281
3978 014,451 KANSAS ST #290,2/9/2012,"$660,000 ",2,3978014
5384A001,1 ROBBLEE AVE,2/9/2012,"$310,000 ",2,5384A001
5809 009,742 ANDOVER ST,2/9/2012,"$550,000 ",2,5809009
0599 300,1840 WASHINGTON ST #604,2/10/2012,"$949,050 ",2,599300
1333 050,195 25TH AVE 401,2/10/2012,"$820,000 ",2,1333050
1874 034,1570 29TH AVE,2/10/2012,"$608,000 ",2,1874034
2306 009D,2263 43RD AVE,2/10/2012,"$571,000 ",2,2306009D
6550 063,3887 25TH ST,2/10/2012,"$1,050,000 ",2,6550063
8708 159,235 BERRY ST #414,2/10/2012,"$930,000 ",2,8708159
0122 085,1177 UNION ST,2/13/2012,"$865,000 ",2,122085
0078 010,454 GREENWICH ST,2/14/2012,"$1,680,000 ",2,78010
3747 072,300 BEALE ST 602,2/14/2012,"$1,550,000 ",2,3747072
7126A200,8300 OCEANVIEW TER. #407,2/14/2012,"$280,000 ",2,7126A200
8702 311,260 KING ST #419,2/14/2012,"$498,000 ",2,8702311
1361 062,122 02ND AVE,2/15/2012,"$700,000 ",2,1361062
3789 715,229 BRANNAN ST #11J,2/15/2012,"$92,500 ",2,3789715
3789 718,229 BRANNAN ST #12D,2/15/2012,"$92,500 ",2,3789718
0975 026,3042 JACKSON ST #3,2/16/2012,"$955,000 ",2,975026
1518 041,520 27TH AVE,2/16/2012,"$540,000 ",2,1518041
3771 033,501 BEALE ST # 7B,2/16/2012,"$855,000 ",2,3771033
0210A068,946 STOCKTON ST 14B,2/17/2012,"$385,000 ",2,0210A068
1001 051,2950 CLAY ST 302,2/17/2012,"$873,000 ",2,1001051
3566 059,3684 17TH ST 101,2/17/2012,"$844,000 ",2,3566059
3776 400,555 04TH ST #829,2/17/2012,"$827,000 ",2,3776400
3789 835,239 BRANNAN ST #15D,2/17/2012,"$1,015,000 ",2,3789835
4106 122,801 INDIANA ST #260,2/17/2012,"$755,000 ",2,4106122
4106 134,801 INDIANA ST #361,2/17/2012,"$799,000 ",2,4106134
5421 063,1740 BANCROFT ST #4203,2/17/2012,"$231,255 ",2,5421063
5421 085,1780 BANCROFT ST # 222,2/17/2012,"$231,332 ",2,5421085
1269 052A,267 DOWNEY ST,2/21/2012,"$1,570,000 ",2,1269052A
4224 079,1000 PENNSYLVANIA AVE #16,2/21/2012,"$482,000 ",2,4224079
0578 070,2090 PACIFIC AVE 501,2/22/2012,"$1,250,000 ",2,578070
0793 089,525 GOUGH ST UNIT 203,2/22/2012,"$805,000 ",2,793089
1760 055,1334 06TH AVE,2/22/2012,"$810,000 ",2,1760055
4104 075,647 PENNSYLVANIA AVE #A,2/22/2012,"$599,000 ",2,4104075
5615 091,3241 - 3243 MISSION ST 2,2/22/2012,"$470,000 ",2,5615091
0452T044E,900 NORTH POINT ST 631 MB36E,2/23/2012,"$208,000 ",2,0452T044E
1692 108,855 LA PLAYA  466,2/23/2012,"$425,500 ",2,1692108
3544 119,8 LANDERS ST #404,2/23/2012,"$970,000 ",2,3544119
3978 141,451 KANSAS ST #558,2/23/2012,"$690,000 ",2,3978141
4080 109,2125 BRYANT ST #312,2/23/2012,"$748,000 ",2,4080109
0732 105,1300 FILLMORE ST PH-1A,2/24/2012,"$760,000 ",2,732105
0768 036,720 GOUGH ST 26,2/24/2012,"$489,000 ",2,768036
0768 057,720 GOUGH ST 49,2/24/2012,"$640,000 ",2,768057
1511 053,565 33RD AVE,2/24/2012,"$1,490,000 ",2,1511053
7126A111,8400 OCEANVIEW TER. #203,2/24/2012,"$265,000 ",2,7126A111
7519 005,1422 DOUGLASS ST,2/24/2012,"$775,000 ",2,7519005
3719 112,301 MISSION ST #14E,2/27/2012,"$1,000,000 ",2,3719112
4266 020,2876 25TH ST,2/27/2012,"$420,000 ",2,4266020
0167 049,49 FRONT ST,2/28/2012,"$1,339,000 ",2,167049
1880 035,1548 35TH AVE,2/28/2012,"$799,000 ",2,1880035
2102 026,1934 33RD AVE,2/28/2012,"$580,000 ",2,2102026
6953 046,62 WANDA ST,2/28/2012,"$550,000 ",2,6953046
0534 039,3047 FILLMORE ST,2/29/2012,"$600,000 ",2,534039
0577 030,1998 PACIFIC AVE 204,2/29/2012,"$845,000 ",2,577030
0738 071,851 VAN NESS AVE #400,2/29/2012,"$520,000 ",2,738071
2622 086,3787 16TH ST,2/29/2012,"$1,225,000 ",2,2622086
2854 044,145 GARDENSIDE DR 9,2/29/2012,"$531,600 ",2,2854044
3150 004,330 CAPISTRANO AVE,2/29/2012,"$551,000 ",2,3150004
3719 157,301 MISSION ST #19F,2/29/2012,"$1,725,000 ",2,3719157
3776 241,555 04TH ST #517,2/29/2012,"$769,000 ",2,3776241
3794 241,170 KING ST #930,2/29/2012,"$710,000 ",2,3794241
5421 029,1740 BANCROFT ST #223,2/29/2012,"$231,497 ",2,5421029
1081 049,2529 POST ST,3/1/2012,"$586,000 ",2,1081049
2751 007,4022 21ST ST,3/1/2012,"$1,225,000 ",2,2751007
5722 011,660 MOULTRIE ST,3/1/2012,"$620,000 ",2,5722011
0222A038,1170 SACRAMENTO ST 11B,3/2/2012,"$1,800,000 ",2,0222A038
0690 043,1 DANIEL BURNHAM CT 224,3/2/2012,"$535,000 ",2,690043
1213 028,2176 FELL ST,3/2/2012,"$1,079,000 ",2,1213028
7009 056,483 BRIGHT ST,3/2/2012,"$575,000 ",2,7009056
7126A331,8100 OCEANVIEW TER. #208,3/2/2012,"$275,000 ",2,7126A331
8708 103,255 BERRY ST #706,3/2/2012,"$835,706 ",2,8708103
3120 048,327 HEARST AVE,3/5/2012,"$635,000 ",2,3120048
4224 079,1000 PENNSYLVANIA AVE #16,3/5/2012,"$595,000 ",2,4224079
5421 125,1780 BANCROFT #4208,3/5/2012,"$231,255 ",2,5421125
0542 061,1990 GREEN ST 401,3/6/2012,"$1,250,000 ",2,542061
3719 090,301 MISSION ST #10J,3/6/2012,"$939,000 ",2,3719090
1082 019,2609 POST ST,3/7/2012,"$879,000 ",2,1082019
3789 679,229 BRANNAN ST #6-C,3/7/2012,"$1,300,000 ",2,3789679
0599 304,1840 WASHINGTON ST #704,3/8/2012,"$1,039,000 ",2,599304
1501 039,530 44TH AVE,3/8/2012,"$720,000 ",2,1501039
3520 084,360 10TH ST #5,3/8/2012,"$519,000 ",2,3520084
3747 054,300 BEALE ST #406,3/8/2012,"$1,450,000 ",2,3747054
6561 003,1214 DIAMOND ST,3/8/2012,"$1,170,000 ",2,6561003
7517 148,950 DUNCAN ST 208E,3/8/2012,"$435,000 ",2,7517148
0071 041,1182 GREENWICH ST,3/9/2012,"$775,000 ",2,71041
1352 072,85 6TH AVE,3/9/2012,"$985,000 ",2,1352072
1651 063,795 08TH AVE 404,3/9/2012,"$475,000 ",2,1651063
2807 050,4483 23RD ST #2,3/9/2012,"$618,000 ",2,2807050
3719 053,301 MISSION ST #6F,3/9/2012,"$1,250,000 ",2,3719053
3719 126,301 MISSION ST #16A,3/12/2012,"$1,275,000 ",2,3719126
4991 368,101 CRESCENT WAY UNIT 2207,3/12/2012,"$245,000 ",2,4991368
3719 224,301 MISSION ST #28A,3/13/2012,"$1,500,000 ",2,3719224
0125 047,1101 GREEN ST #703,3/14/2012,"$1,370,700 ",2,125047
6405 008,960 NAPLES ST,3/14/2012,"$415,000 ",2,6405008
8708 131,235 BERRY ST #304,3/14/2012,"$625,000 ",2,8708131
0166 068,733 FRONT ST #605,3/15/2012,"$1,875,000 ",2,166068
0580 039,2200 PACIFIC AVE 1C,3/15/2012,"$1,200,000 ",2,580039
1784 001N,1363 29TH AVE,3/15/2012,"$780,000 ",2,1784001N
2086 002B,1937 48TH AVE,3/15/2012,"$425,000 ",2,2086002B
7138 034,175 SADOWA ST,3/15/2012,"$395,000 ",2,7138034
8704 145,300 BERRY ST # 804,3/15/2012,"$660,000 ",2,8704145
1215 032,0350 BRODERICK ST UNIT 213,3/16/2012,"$625,000 ",2,1215032
1276 022,230 GRATTAN ST 1,3/16/2012,"$650,000 ",2,1276022
3752 447,821 FOLSOM ST #404,3/16/2012,"$715,000 ",2,3752447
5843 027,400 ALEMANY BL #9,3/16/2012,"$265,000 ",2,5843027
0567 119,1998 BROADWAY  1607,3/19/2012,"$899,000 ",2,567119
3719 262,301 MISSION ST #34C,3/19/2012,"$2,515,000 ",2,3719262
3744 027,75 FOLSOM ST 1001,3/19/2012,"$975,000 ",2,3744027
0049 020,880 CHESTNUT ST,3/20/2012,"$985,000 ",2,49020
0662 054,1942 BUCHANAN ST,3/20/2012,"$900,000 ",2,662054
3719 394,301 MISSION ST #402,3/20/2012,"$1,850,000 ",2,3719394
4991 467,501 CRESCENT WAY #5406,3/20/2012,"$301,000 ",2,4991467
7126A273,8200 OCEANVIEW TER. #316,3/20/2012,"$254,000 ",2,7126A273
8702 052,250 KING ST #802,3/20/2012,"$811,000 ",2,8702052
8704 239,300 BERRY ST # 1313,3/20/2012,"$760,000 ",2,8704239
0739 053,818 VAN NESS AVE #604,3/21/2012,"$820,000 ",2,739053
0096 049,2354 LARKIN ST,3/22/2012,"$1,460,000 ",2,96049
0732 088,1310 FILLMORE ST #804,3/22/2012,"$375,000 ",2,732088
0738 051,851 VAN NESS AVE #103,3/22/2012,"$450,000 ",2,738051
1715 062,1277 35TH AVE,3/22/2012,"$555,000 ",2,1715062
3745 264,301 MAIN ST UNIT 19H,3/22/2012,"$1,230,500 ",2,3745264
3771 098,501 BEALE ST # 16G,3/22/2012,"$825,000 ",2,3771098
0510 061,286 MOULTON ST,3/23/2012,"$710,000 ",2,510061
0599 302,1840 WASHINGTON ST #702,3/23/2012,"$1,122,100 ",2,599302
2649 062,4129 17TH ST,3/23/2012,"$789,000 ",2,2649062
3587 123,3620 19TH ST #22,3/23/2012,"$725,000 ",2,3587123
3719 023,301 MISSION STREET #3D,3/23/2012,"$720,000 ",2,3719023
3745 229,301 MAIN ST UNIT 15E,3/23/2012,"$880,000 ",2,3745229
3793 182,88 KING ST #918,3/23/2012,"$1,120,000 ",2,3793182
4106 158,850 MINNESOTA ST #556,3/23/2012,"$940,000 ",2,4106158
6601 058,208 28TH STREET #201,3/23/2012,"$889,000 ",2,6601058
0739 061,818 VAN NESS AVE #705,3/26/2012,"$10,000 ",2,739061
1174 031,30 ATALAYA TER,3/26/2012,"$765,000 ",2,1174031
5612 004,12 ELSIE ST,3/26/2012,"$850,000 ",2,5612004
7126A106,8300 OCEANVIEW TER. #114,3/26/2012,"$260,000 ",2,7126A106
0919 014,2165 BEACH ST 5,3/27/2012,"$1,000,000 ",2,919014
1012 042,3733 CLAY ST,3/27/2012,"$2,149,000 ",2,1012042
1843 030,1462 11TH AVE,3/27/2012,"$821,000 ",2,1843030
1434 055,309 02ND AVE #3,3/28/2012,"$980,000 ",2,1434055
1651 066,795 8TH AVE #501,3/28/2012,"$590,000 ",2,1651066
1706 045,4335 LINCOLN WAY,3/28/2012,"$461,000 ",2,1706045
3719 325,301 MISSION ST #45F,3/28/2012,"$1,600,000 ",2,3719325
0685 066,"1600 WEBSTER ST, #201",3/29/2012,"$910,000 ",2,685066
1025 041,2800 CALIFORNIA ST 202,3/29/2012,"$650,000 ",2,1025041
4106 133,801 INDIANA ST #360,3/29/2012,"$780,000 ",2,4106133
6741 031,51 SURREY ST,3/29/2012,"$1,500,000 ",2,6741031
7536 014,662 29TH ST,3/29/2012,"$2,200,000 ",2,7536014
0599 296,1840 WASHINGTON ST #504,3/30/2012,"$969,000 ",2,599296
0646 036,1635 CALIFORNIA ST #51,3/30/2012,"$659,000 ",2,646036
0689 156,1483 SUTTER ST 1006,3/30/2012,"$670,000 ",2,689156
1040 056,324 ARGUELLO BLVD #2,3/30/2012,"$788,000 ",2,1040056
1692 112,825 LA PLAYA  224,3/30/2012,"$415,000 ",2,1692112
1890 002,1519 44TH AVE,3/30/2012,"$410,000 ",2,1890002
2072 026,1886 36TH AVE,3/30/2012,"$695,000 ",2,2072026
2196 013,2159 21ST AVE,3/30/2012,"$550,000 ",2,2196013
3719 143,301 MISSION ST #17J,3/30/2012,"$1,002,670 ",2,3719143
3744 052,75 FOLSOM ST 1403,3/30/2012,"$2,100,000 ",2,3744052
3748 111,333 01ST ST #N1104,3/30/2012,"$799,999 ",2,3748111
3767 154,201 HARRISON ST 521,3/30/2012,"$550,000 ",2,3767154
3774 435,41 FEDERAL ST #21,3/30/2012,"$1,135,000 ",2,3774435
3776 428,555 04TH ST #909,3/30/2012,"$575,300 ",2,3776428
4106 132,801 INDIANA ST #359,3/30/2012,"$784,000 ",2,4106132
5335A126,259 BAY VIEW CIR,3/30/2012,"$350,000 ",2,5335A126
5461 029,79 CARR ST,3/30/2012,"$258,000 ",2,5461029
6423 109,1504 BIRCHWOOD CT,3/30/2012,"$200,000 ",2,6423109
6601 011,238 28TH ST,3/30/2012,"$1,200,000 ",2,6601011
7126A178,8300 OCEANVIEW TER. #314,3/30/2012,"$249,000 ",2,7126A178
0599 297,1840 WASHINGTON ST #601,4/2/2012,"$1,014,300 ",2,599297
0599 301,1840 WASHINGTON ST #701,4/2/2012,"$1,053,500 ",2,599301
2138 006B,2075 18TH AVE,4/2/2012,"$749,000 ",2,2138006B
6249 026,2428 BAY SHORE BLVD UNIT 2,4/2/2012,"$188,000 ",2,6249026
6732 055,257 SURREY ST,4/2/2012,"$1,267,500 ",2,6732055
0738 062,851 VAN NESS AVE #207,4/3/2012,"$512,000 ",2,738062
0762 075,601 VAN NESS AVE #762,4/3/2012,"$342,000 ",2,762075
1681 008B,822 39TH AVE,4/3/2012,"$750,000 ",2,1681008B
2763 049,767 CORBETT AVE #10,4/3/2012,"$744,000 ",2,2763049
3719 276,301 MISSION ST #36E,4/3/2012,"$1,950,000 ",2,3719276
3722 270,188 MINNA ST 23F,4/3/2012,"$1,588,000 ",2,3722270
6720 076,3918 MISSION ST UNIT 4,4/4/2012,"$539,000 ",2,6720076
1439 052,363 07TH AVE,4/5/2012,"$540,000 ",2,1439052
3281 049,1920 OCEAN AVE 2G,4/5/2012,"$350,000 ",2,3281049
6601 060,208 28TH STREET #203,4/5/2012,"$849,000 ",2,6601060
6621 019,568 29TH ST,4/5/2012,"$1,014,000 ",2,6621019
8708 101,255 BERRY ST #704,4/5/2012,"$899,000 ",2,8708101
8708 122,235 BERRY ST #112,4/5/2012,"$840,000 ",2,8708122
0120 035,44 MACONDRAY LN 2W,4/6/2012,"$865,000 ",2,120035
0696 058,1388 GOUGH ST 703,4/6/2012,"$745,000 ",2,696058
0998 033,256 PRESIDIO AVE 3,4/6/2012,"$762,000 ",2,998033
3719 264,301 MISSION ST #34E,4/6/2012,"$1,880,000 ",2,3719264
4283B044,76 LITTLEFIELD TER,4/6/2012,"$515,000 ",2,4283B044
5421 095,1780 BANCROFT ST #324,4/6/2012,"$263,620 ",2,5421095
6489 013G,273 LOWELL ST,4/6/2012,"$505,000 ",2,6489013G
6601 059,208 28TH STREET #202,4/6/2012,"$895,000 ",2,6601059
0073 027,2121 TAYLOR ST 3,4/10/2012,"$875,000 ",2,73027
0288 090,333 BUSH ST 3908,4/10/2012,"$1,185,000 ",2,288090
0928 033,2230 FRANCISCO ST 102,4/10/2012,"$775,000 ",2,928033
3765 050,425  1ST ST #906,4/10/2012,"$877,000 ",2,3765050
4106 136,801 INDIANA ST #363,4/10/2012,"$775,000 ",2,4106136
5054A166,29 MEGAN DR,4/10/2012,"$427,000 ",2,5054A166
7062 034,171 CAINE AVE,4/10/2012,"$390,000 ",2,7062034
0597 066,1810 POLK ST #12,4/11/2012,"$795,000 ",2,597066
3719 257,301 MISSION ST #33D,4/11/2012,"$2,311,603 ",2,3719257
1244 050,1265C MASONIC AVE,4/12/2012,"$1,030,000 ",2,1244050
3719 072,301 MISSION ST #8G,4/12/2012,"$1,010,000 ",2,3719072
3719 246,301 MISSION ST #31E,4/12/2012,"$1,800,000 ",2,3719246
3776 178,555 04TH ST #404,4/12/2012,"$811,100 ",2,3776178
7126A111,8400 OCEANVIEW TER. #203,4/12/2012,"$273,000 ",2,7126A111
0078 074,373 LOMBARD ST 402,4/13/2012,"$910,000 ",2,78074
0220 056,1250 LEAVENWORTH ST #3,4/13/2012,"$1,649,000 ",2,220056
1458 045,401 26TH AVE,4/13/2012,"$495,000 ",2,1458045
5740 004,618 GATES ST,4/13/2012,"$650,000 ",2,5740004
6514 033,1370 VALENCIA ST #1,4/13/2012,"$754,000 ",2,6514033
7126A135,8300 OCEANVIEW TER. #207,4/13/2012,"$270,000 ",2,7126A135
0220 054,1250 LEAVENWORTH ST #1,4/17/2012,"$1,487,000 ",2,220054
0311 100,690 MARKET ST #2003,4/17/2012,"$1,100,000 ",2,311100
0599 292,1840 WASHINGTON ST #404,4/17/2012,"$965,000 ",2,599292
5660 030,237 GATES ST,4/17/2012,"$825,000 ",2,5660030
0220 055,1250 LEAVENWORTH ST #2,4/18/2012,"$1,369,000 ",2,220055
0690 049,1 DANIEL BURNHAM CT 211,4/18/2012,"$532,000 ",2,690049
2040 037,1771 09TH AVE,4/18/2012,"$600,199 ",2,2040037
3774 245,200 BRANNAN ST #104,4/18/2012,"$29,000 ",2,3774245
3774 247,200 BRANNAN ST #106,4/18/2012,"$29,000 ",2,3774247
0168 030,30 THE EMBARCADERO,4/19/2012,"$1,112,500 ",2,168030
1100 093,1968 ELLIS ST,4/19/2012,"$698,000 ",2,1100093
1432 058,250 02ND AVE,4/19/2012,"$800,000 ",2,1432058
3771 067,501 BEALE ST # 11D,4/19/2012,"$1,110,000 ",2,3771067
3774 343,200 BRANNAN ST #310,4/19/2012,"$904,500 ",2,3774343
3789 715,229 BRANNAN ST #11J,4/19/2012,"$1,080,000 ",2,3789715
0047C129,1080 CHESTNUT ST #007D,4/20/2012,"$950,000 ",2,0047C129
0210A074,946 STOCKTON ST 15B,4/20/2012,"$375,000 ",2,0210A074
0476 011,969 BAY ST,4/20/2012,"$895,000 ",2,476011
0599 281,1840 WASHINGTON ST #201,4/20/2012,"$939,000 ",2,599281
0913 043,3700 DIVISADERO ST #303,4/20/2012,"$1,010,000 ",2,913043
1001 036,2921 WASHINGTON ST 3,4/20/2012,"$746,500 ",2,1001036
1129 061,1907 EDDY ST 1,4/20/2012,"$667,128 ",2,1129061
1238 041,231C - C SCOTT ST 2,4/20/2012,"$940,000 ",2,1238041
1735 056,1443 LINCOLN WAY,4/20/2012,"$870,000 ",2,1735056
3719 222,301 MISSION ST #27E,4/20/2012,"$1,650,000 ",2,3719222
3719 297,301 MISSION ST #40B,4/20/2012,"$1,840,000 ",2,3719297
0595 154,1601 PACIFIC AVE #401,4/23/2012,"$900,000 ",2,595154
0739 055,818 VAN NESS AVE #606,4/23/2012,"$700,000 ",2,739055
2620 096,236 STATES ST 1,4/23/2012,"$600,000 ",2,2620096
3722 302,188 MINNA ST 29B,4/23/2012,"$240,000 ",2,3722302
4147 042,2501 HARRISON ST UNIT #8,4/23/2012,"$880,000 ",2,4147042
0451 195,1050 NORTH POINT ST #0901,4/24/2012,"$1,150,000 ",2,451195
0512 058,"3190 SCOTT STREET, #310",4/24/2012,"$38,000 ",2,512058
1636 034,615 08TH AVE,4/24/2012,"$708,000 ",2,1636034
2378 052,2436 GREAT HWY #4,4/24/2012,"$499,000 ",2,2378052
5421 101,1780 BANCROFT #352,4/24/2012,"$231,481 ",2,5421101
6618 044,200 29TH ST,4/24/2012,"$1,055,000 ",2,6618044
6620 051,395 VALLEY STREET,4/24/2012,"$770,000 ",2,6620051
0646 042,1635 CALIFORNIA ST #61,4/25/2012,"$679,000 ",2,646042
0761 054,368 ELM ST 401,4/25/2012,"$645,000 ",2,761054
1175 155,2001 MCALLISTER ST 325,4/25/2012,"$690,000 ",2,1175155
1231 055,1673 PAGE ST,4/25/2012,"$890,000 ",2,1231055
3719 039,301 MISSION ST #5A,4/25/2012,"$1,339,000 ",2,3719039
3745 177,301 MAIN ST UNIT 9A,4/25/2012,"$900,000 ",2,3745177
3771 070,501 BEALE ST # 11G,4/25/2012,"$849,000 ",2,3771070
6690 020,280 ARLINGTON ST,4/25/2012,"$700,000 ",2,6690020
8720 023,325 CHINA BASIN ST #106,4/25/2012,"$720,000 ",2,8720023
0719 046,1000 - 1020 FRANKLIN ST 105,4/26/2012,"$380,000 ",2,719046
3719 098,301 MISSION ST #11J,4/26/2012,"$939,000 ",2,3719098
3719 333,301 MISSION ST #47B,4/26/2012,"$2,100,000 ",2,3719333
4266 020A,1285 YORK ST,4/26/2012,"$911,000 ",2,4266020A
8707 095,325 BERRY ST #616,4/26/2012,"$879,500 ",2,8707095
0576 043,1896 PACIFIC AVE 1P,4/27/2012,"$3,800,000 ",2,576043
0599 282,1840 WASHINGTON ST #202,4/27/2012,"$979,000 ",2,599282
0599 298,1840 WASHINGTON ST #602,4/27/2012,"$1,095,000 ",2,599298
0719 088,238 OLIVE ST #402,4/27/2012,"$755,000 ",2,719088
1377 056,1641 LAKE ST,4/27/2012,"$812,000 ",2,1377056
1912 001Q,1681 31ST AVE,4/27/2012,"$785,000 ",2,1912001Q
3189 014,420 MIRAMAR AVE,4/27/2012,"$838,000 ",2,3189014
3584 039,571 NOE ST,4/27/2012,"$1,025,000 ",2,3584039
3590 086, 752 SOUTH VAN NESS AVE,4/27/2012,"$760,000 ",2,3590086
3617 097,3345 21ST ST,4/27/2012,"$1,009,000 ",2,3617097
3619 104,886 DOLORES ST,4/27/2012,"$1,070,000 ",2,3619104
3707 120,74 NEW MONTGOMERY ST 502,4/27/2012,"$960,000 ",2,3707120
3731 231,75 MOSS ST #11,4/27/2012,"$575,000 ",2,3731231
3765 111,425 1ST ST #1703,4/27/2012,"$1,088,000 ",2,3765111
3765 230,425 1ST ST #3306,4/27/2012,"$1,100,000 ",2,3765230
3774 247,200 BRANNAN ST #106,4/27/2012,"$1,262,626 ",2,3774247
4106 150,801 INDIANA ST #461,4/27/2012,"$777,600 ",2,4106150
6795D034,135 THERESA ST,4/27/2012,"$680,000 ",2,6795D034
0819 055,582 FELL ST,4/30/2012,"$450,000 ",2,819055
0854 124,55 PAGE ST 727,4/30/2012,"$590,000 ",2,854124
3283 163,419 DORADO TER 38,4/30/2012,"$470,000 ",2,3283163
3704 136,410 JESSIE ST #401,4/30/2012,"$780,000 ",2,3704136
3706 182,765 MARKET ST # 28H,4/30/2012,"$1,650,000 ",2,3706182
3719 116,301 MISSION ST 14J,4/30/2012,"$1,025,000 ",2,3719116
4591B046,111 MARLIN CT 46,4/30/2012,"$102,000 ",2,4591B046
6688 036,24 HIGHLAND AVE,4/30/2012,"$485,000 ",2,6688036
8702 598,260 KING ST #873,4/30/2012,"$620,000 ",2,8702598
3719 103,301 MISSION ST 12E,5/1/2012,"$950,000 ",2,3719103
3719 286,301 MISSION ST #38C,5/1/2012,"$2,700,000 ",2,3719286
3789 744,229 BRANNAN ST #17-G,5/1/2012,"$1,300,000 ",2,3789744
5843 032,400 ALEMANY BL #14,5/1/2012,"$287,000 ",2,5843032
6634 062,1629 DOLORES ST #2,5/1/2012,"$815,000 ",2,6634062
0189 032,1254 WASHINGTON ST,5/2/2012,"$1,145,000 ",2,189032
0275B059,900 BUSH ST 316,5/2/2012,"$519,500 ",2,0275B059
3719 313,301 MISSION ST #42F,5/2/2012,"$1,730,000 ",2,3719313
5700 002,724 JARBOE AVE,5/2/2012,"$547,112 ",2,5700002
0208 053,611 WASHINGTON ST 2404,5/3/2012,"$1,650,000 ",2,208053
0742 042,750 VAN NESS AVE 303,5/3/2012,"$470,000 ",2,742042
1925 011A,1676 19TH AVE,5/3/2012,"$629,000 ",2,1925011A
3719 149,301 MISSION ST #18F,5/3/2012,"$1,800,000 ",2,3719149
3719 314,301 MISSION ST #43A,5/3/2012,"$1,700,000 ",2,3719314
3745 220,301 MAIN ST UNIT 14D,5/3/2012,"$1,275,000 ",2,3745220
4991 598,0401 CRESCENT WAY #4413,5/3/2012,"$330,000 ",2,4991598
0069 042,1150 LOMBARD ST 42,5/4/2012,"$1,575,000 ",2,69042
3588 109,736 VALENCIA ST #401,5/4/2012,"$1,050,000 ",2,3588109
3719 328,301 MISSION ST #46C,5/4/2012,"$1,925,000 ",2,3719328
4966 047,1107 HOLLISTER AVE,5/4/2012,"$289,000 ",2,4966047
5913 021,1130  SILLIMAN ST,5/4/2012,"$510,000 ",2,5913021
6513 052,1205 GUERRERO ST,5/4/2012,"$549,000 ",2,6513052
6603 011,416 28TH ST,5/4/2012,"$1,010,000 ",2,6603011
8704 027,300 BERRY ST # 305,5/4/2012,"$615,000 ",2,8704027
0507 045,1966 GREENWICH ST,5/7/2012,"$1,085,800 ",2,507045
4101 089,25 SIERRA EAST #306,5/7/2012,"$630,000 ",2,4101089
7178 004,40 NIANTIC AVE,5/7/2012,"$350,000 ",2,7178004
0208 032,611 WASHINGTON ST 2104,5/8/2012,"$3,000,000 ",2,208032
0633 022,2029 PIERCE ST 301,5/8/2012,"$625,000 ",2,633022
3556 062,374 GUERRERO ST #3,5/8/2012,"$641,000 ",2,3556062
3766 188,400 BEALE ST #1507,5/8/2012,"$857,000 ",2,3766188
3774 285,200 BRANNAN ST #144,5/8/2012,"$1,175,000 ",2,3774285
5384A001,1 ROBBLEE AVE,5/8/2012,"$420,000 ",2,5384A001
5624 011,58 ELLSWORTH ST,5/8/2012,"$712,000 ",2,5624011
6634 061,1629 DOLORES ST #1,5/8/2012,"$801,000 ",2,6634061
8702 501,260 KING ST #723,5/8/2012,"$665,000 ",2,8702501
1182 077,1335 FULTON ST #301,5/9/2012,"$850,000 ",2,1182077
3774 353,200 BRANNAN ST #320,5/9/2012,"$1,450,000 ",2,3774353
0599 293,1840 WASHINGTON ST #501,5/10/2012,"$960,000 ",2,599293
1135 031,110 STANYAN ST,5/10/2012,"$945,000 ",2,1135031
3719 221,301 MISSION ST #27D,5/10/2012,"$2,450,000 ",2,3719221
0821 066,700 FELL ST 7,5/11/2012,"$650,000 ",2,821066
1081 063,1326 LYON ST,5/11/2012,"$610,000 ",2,1081063
1931 051,1605 12TH AVE,5/11/2012,"$530,000 ",2,1931051
3719 400,301 MISSION ST #502,5/14/2012,"$1,875,000 ",2,3719400
0065 046,950 COLUMBUS AVE 18,5/15/2012,"$725,000 ",2,65046
0182 049,1101 PACIFIC AVE #602,5/15/2012,"$1,030,000 ",2,182049
0442A028A,1825 BEACH ST,5/15/2012,"$1,275,000 ",2,0442A028A
0547 044,1438 GREEN ST 6C,5/15/2012,"$860,000 ",2,547044
0600 021,1885 JACKSON ST 101,5/15/2012,"$760,000 ",2,600021
0774 028,1000 STEINER ST 202,5/15/2012,"$675,000 ",2,774028
1067 059,99 BLAKE ST,5/15/2012,"$880,000 ",2,1067059
1129 098,1800 TURK ST #203,5/15/2012,"$450,000 ",2,1129098
2366 030,2354 38TH AVE,5/15/2012,"$640,000 ",2,2366030
2631 042,1456 WILLARD ST,5/15/2012,"$2,625,000 ",2,2631042
3570 101,566 SOUTH VAN NESS AVE #3,5/15/2012,"$605,000 ",2,3570101
3706 172,765 MARKET ST #027F,5/15/2012,"$4,750,000 ",2,3706172
3706 173,765 MARKET ST #027G,5/15/2012,"$2,735,000 ",2,3706173
3719 258,301 MISSION ST #33E,5/15/2012,"$1,850,000 ",2,3719258
3719 366,301 MISSION STREET #54C,5/15/2012,"$4,230,000 ",2,3719366
3765 110,425 1ST ST #1702,5/15/2012,"$1,185,000 ",2,3765110
0692 022,1151 SUTTER ST #201,5/16/2012,"$720,000 ",2,692022
3557 084,120 LANDERS ST 120F,5/16/2012,"$770,000 ",2,3557084
3719 130,301 MISSION ST #16E,5/16/2012,"$1,028,000 ",2,3719130
3719 324,301 MISSION ST #45E,5/16/2012,"$2,050,000 ",2,3719324
3978 123,451 KANSAS ST #518,5/16/2012,"$692,000 ",2,3978123
4106 143,808 MINNESOTA ST #452,5/16/2012,"$965,000 ",2,4106143
4645 039,800 INNES AVE #2,5/16/2012,"$260,000 ",2,4645039
0619 035,1725 WASHINGTON ST UNIT 3,5/17/2012,"$792,500 ",2,619035
0735 053,1118 EDDY ST A,5/17/2012,"$415,000 ",2,735053
3754 081,155 HARRIET ST #4,5/17/2012,"$510,000 ",2,3754081
6048 010,2774 SAN BRUNO AVE,5/17/2012,"$450,000 ",2,6048010
0288 072,333 BUSH ST 3706,5/18/2012,"$1,575,000 ",2,288072
0595 155,1601 PACIFIC AVE #402,5/18/2012,"$999,000 ",2,595155
0599 288,1840 WASHINGTON ST #304,5/18/2012,"$939,820 ",2,599288
0622 033,1776 SACRAMENTO ST 402,5/18/2012,"$800,000 ",2,622033
0976 056,2919 PACIFIC AVE 10,5/18/2012,"$975,000 ",2,976056
1464 002A,423 32ND AVE,5/18/2012,"$500,000 ",2,1464002A
2003 056,4019 MORAGA ST,5/18/2012,"$557,000 ",2,2003056
3722 336,188 MINNA ST 34F,5/18/2012,"$1,750,000 ",2,3722336
3726 161,551 NATOMA  #1,5/18/2012,"$845,000 ",2,3726161
3789 819,239 BRANNAN ST #11G,5/18/2012,"$1,475,000 ",2,3789819
3793 201,88 KING ST #1106,5/18/2012,"$915,000 ",2,3793201
4106 142,808 MINNESOTA ST #451,5/18/2012,"$980,000 ",2,4106142
4991 348,101 CRESCENT WAY  #2103,5/18/2012,"$275,000 ",2,4991348
5431B016,5800 3RD ST #1117,5/18/2012,"$385,000 ",2,5431B016
8707 012,325 BERRY ST #104,5/18/2012,"$790,000 ",2,8707012
0762 151,601 VAN NESS AVE 151,5/21/2012,"$734,500 ",2,762151
0762 203,601 VAN NESS AVE 641,5/21/2012,"$354,000 ",2,762203
3719 043,301 MISSION ST #5E,5/21/2012,"$935,000 ",2,3719043
3765 175,425 1ST ST #2503,5/21/2012,"$906,667 ",2,3765175
3794 037,188 KING ST #207,5/21/2012,"$1,200,000 ",2,3794037
1055 025,720 PRESIDIO AVE,5/22/2012,"$667,500 ",2,1055025
3719 306,301 MISSION ST #41E,5/22/2012,"$2,100,000 ",2,3719306
3745 161,318 SPEAR ST UNIT 8H,5/22/2012,"$1,100,000 ",2,3745161
4281A016,1493 KANSAS ST,5/22/2012,"$715,000 ",2,4281A016
6920 018,120 CORONA ST,5/22/2012,"$995,000 ",2,6920018
0657 033,1802 SCOTT ST,5/23/2012,"$1,488,000 ",2,657033
1166 040,34 PARAMOUNT TER,5/23/2012,"$1,030,000 ",2,1166040
2085 047,1806 GREAT HWY,5/23/2012,"$1,050,000 ",2,2085047
2718A018,3 BURNETT NORTH AVE #8,5/23/2012,"$710,000 ",2,2718A018
3754 106,322 6TH ST #10,5/23/2012,"$445,000 ",2,3754106
8706 306,207 KING ST #413,5/23/2012,"$1,200,000 ",2,8706306
0574 043,1545 BROADWAY  207,5/24/2012,"$700,000 ",2,574043
1020 087,446 LAUREL ST,5/24/2012,"$1,065,000 ",2,1020087
3707 154,74 NEW MONTGOMERY ST 702,5/24/2012,"$1,100,000 ",2,3707154
3719 252,301 MISSION ST #32E,5/24/2012,"$1,850,000 ",2,3719252
0047C138,1080 CHESTNUT ST #010A,5/25/2012,"$1,725,000 ",2,0047C138
0215C051,1333 JONES ST #0901,5/25/2012,"$1,150,000 ",2,0215C051
0578 082,2090 PACIFIC AVE 701,5/25/2012,"$1,357,000 ",2,578082
1692 015,875 LA PLAYA  178,5/25/2012,"$336,000 ",2,1692015
1748 023,124 HUGO ST,5/25/2012,"$806,500 ",2,1748023
2307 013,2283 42ND AVE,5/25/2012,"$550,000 ",2,2307013
3719 065,301 MISSION ST #7J,5/25/2012,"$980,000 ",2,3719065
3729 141,773 TEHAMA ST #3,5/25/2012,"$654,800 ",2,3729141
3745 391,338 SPEAR ST #4A,5/25/2012,"$885,000 ",2,3745391
3776 277,555 04TH ST #606,5/25/2012,"$724,000 ",2,3776277
4106 141,989 20TH ST #368,5/25/2012,"$744,405 ",2,4106141
5916 001C,76 DARTMOUTH ST,5/25/2012,"$700,000 ",2,5916001C
0288 071,333 BUSH ST 3705,5/29/2012,"$1,325,000 ",2,288071
0723C061,1305 LAGUNA  #1,5/29/2012,"$245,000 ",2,0723C061
8702 266,250 KING ST #574,5/29/2012,"$665,000 ",2,8702266
0599 294,1840 WASHINGTON ST #502,5/30/2012,"$979,110 ",2,599294
3719 391,301 MISSION ST #304,5/30/2012,"$1,235,000 ",2,3719391
3776 434,555 04TH ST #915,5/30/2012,"$650,000 ",2,3776434
0595 153,1601 PACIFIC AVE #301,5/31/2012,"$888,000 ",2,595153
0625C011,1925 GOUGH ST #053,5/31/2012,"$985,000 ",2,0625C011
0713 035,1200 GOUGH ST 2A,5/31/2012,"$440,000 ",2,713035
1082 034,2653 POST ST,5/31/2012,"$542,000 ",2,1082034
3140 024,374 STAPLES AVE,5/31/2012,"$459,000 ",2,3140024
3719 371,301 MISSION ST #55D,5/31/2012,"$3,350,000 ",2,3719371
3765 118,425 1ST ST #1802,5/31/2012,"$1,250,000 ",2,3765118
3788 095,1 CLARENCE PL 10,5/31/2012,"$1,000,000 ",2,3788095
4106 110,801 INDIANA ST #160,5/31/2012,"$741,750 ",2,4106110
4106 121,801 INDIANA ST #259,5/31/2012,"$773,171 ",2,4106121
4106 135,801 INDIANA ST #362,5/31/2012,"$750,000 ",2,4106135
6633 038,1650 DOLORES ST,5/31/2012,"$1,040,000 ",2,6633038
0191 037,939 JACKSON ST #202,6/1/2012,"$903,000 ",2,191037
0215 037,1340 CLAY ST 501,6/1/2012,"$1,500,000 ",2,215037
0539 042,2929 FILLMORE ST,6/1/2012,"$1,465,000 ",2,539042
0732 047,1310 FILLMORE ST #403,6/1/2012,"$585,000 ",2,732047
3765 183,425 1ST ST #2603,6/1/2012,"$1,130,000 ",2,3765183
4021 028,601 ALABAMA ST #306,6/1/2012,"$639,000 ",2,4021028
7126A163,8400 OCEANVIEW TER. #319,6/1/2012,"$265,000 ",2,7126A163
7265 015,130 EVERGLADE DR,6/4/2012,"$820,000 ",2,7265015
0595 159,1601 PACIFIC AVE #406,6/5/2012,"$975,000 ",2,595159
1135 033,145 BEAUMONT AVE,6/5/2012,"$862,400 ",2,1135033
1215 041,350 BRODERICK ST #222,6/5/2012,"$635,000 ",2,1215041
2695 049,163 COLLINGWOOD ST,6/5/2012,"$975,000 ",2,2695049
2704 064,1462 CLAYTON ST,6/5/2012,"$705,000 ",2,2704064
0696 049,1388 GOUGH ST 601,6/6/2012,"$835,000 ",2,696049
1047 057,1613 1/2 BAKER STREET,6/6/2012,"$515,000 ",2,1047057
2746 047,3550 MARKET ST #303,6/6/2012,"$519,500 ",2,2746047
3719 024,301 MISSION STREET #3E,6/6/2012,"$970,000 ",2,3719024
3719 105,301 MISSION ST 12G,6/6/2012,"$1,120,000 ",2,3719105
3719 242,301 MISSION ST #31A,6/6/2012,"$1,545,000 ",2,3719242
3719 270,301 MISSION ST #35E,6/6/2012,"$1,925,000 ",2,3719270
5431B029,5800 3RD ST #1210,6/6/2012,"$420,000 ",2,5431B029
6664 072,283 RANDALL ST,6/6/2012,"$800,000 ",2,6664072
0689 087,1483 SUTTER ST 606,6/7/2012,"$600,000 ",2,689087
1599 004C,727 45TH AVE,6/7/2012,"$760,000 ",2,1599004C
4106 114,820 MINNESOTA ST,6/7/2012,"$950,000 ",2,4106114
5431B066,5800 3RD ST #1408,6/7/2012,"$488,000 ",2,5431B066
0567 084,1998 BROADWAY  1007,6/8/2012,"$775,000 ",2,567084
0646 030,1635 CALIFORNIA ST #41,6/8/2012,"$665,000 ",2,646030
1286 033,25 RIVOLI ST,6/8/2012,"$905,000 ",2,1286033
1510 040,530 35TH AVE,6/8/2012,"$699,000 ",2,1510040
3753 249,950 HARRISON ST #109,6/8/2012,"$750,000 ",2,3753249
3771 063,501 BEALE ST # 10H,6/8/2012,"$1,150,000 ",2,3771063
3793 089,88 KING ST #509,6/8/2012,"$855,000 ",2,3793089
4106 165,801 INDIANA ST #563,6/8/2012,"$860,000 ",2,4106165
4158 004,1034 RHODE ISLAND ST,6/8/2012,"$730,000 ",2,4158004
4991 248,67 JENNINGS CT,6/8/2012,"$345,000 ",2,4991248
6514 036,1370 VALENCIA ST #4,6/8/2012,"$759,000 ",2,6514036
7517 053,5150 DIAMOND HEIGHTS BLVD 105B,6/8/2012,"$449,000 ",2,7517053
8702 374,260 KING ST #1105,6/8/2012,"$910,000 ",2,8702374
3765 243,425 1ST ST #3503,6/11/2012,"$1,183,000 ",2,3765243
4106 161,801 INDIANA ST #559,6/11/2012,"$910,000 ",2,4106161
5329 004,1926 QUESADA AVE,6/11/2012,"$360,000 ",2,5329004
0252C069,1201 CALIFORNIA ST #1303,6/12/2012,"$950,000 ",2,0252C069
0599 289,1840 WASHINGTON ST #401,6/12/2012,"$897,750 ",2,599289
1632 023,660 FUNSTON AVE,6/12/2012,"$915,000 ",2,1632023
3601 024,4080 20TH ST,6/12/2012,"$1,530,000 ",2,3601024
3748 157,333 01ST ST #N1901,6/12/2012,"$865,000 ",2,3748157
3774 077,355 BRYANT ST 103,6/12/2012,"$1,485,000 ",2,3774077
4106 111,801 INDIANA ST #161,6/12/2012,"$755,000 ",2,4106111
0599 285,1840 WASHINGTON ST #301,6/13/2012,"$838,000 ",2,599285
0611 032,2547 WASHINGTON ST 3,6/13/2012,"$1,488,000 ",2,611032
1240 041,231 DIVISADERO ST,6/13/2012,"$955,000 ",2,1240041
1890 005,1531 44TH AVE,6/13/2012,"$702,400 ",2,1890005
3719 430,301 MISSION ST #1002,6/13/2012,"$1,900,000 ",2,3719430
4106 151,801 INDIANA ST #462,6/13/2012,"$810,000 ",2,4106151
2658 070,4620 18TH ST,6/14/2012,"$930,000 ",2,2658070
3976 031,470 VERMONT ST,6/14/2012,"$755,000 ",2,3976031
0599 286,1840 WASHINGTON ST #302,6/15/2012,"$935,000 ",2,599286
0604 058,2461 BUCHANAN ST,6/15/2012,"$1,335,000 ",2,604058
0928 059,2260 FRANCISCO ST,6/15/2012,"$1,440,000 ",2,928059
0980 065,2801 JACKSON ST 11,6/15/2012,"$1,065,000 ",2,980065
1195 024,1924 HAYES ST # 3,6/15/2012,"$610,000 ",2,1195024
1364 072,182 5TH AVE,6/15/2012,"$792,000 ",2,1364072
1895 057,1686 GREAT HWY 4,6/15/2012,"$445,000 ",2,1895057
3719 408,301 MISSION ST #604,6/15/2012,"$1,500,000 ",2,3719408
4106 163,801 INDIANA ST #561,6/15/2012,"$910,000 ",2,4106163
4991 334,1 CRESCENT WAY  #1405,6/15/2012,"$305,000 ",2,4991334
5431B019,5800 3RD ST #1120,6/15/2012,"$395,000 ",2,5431B019
0465A044,3472 SCOTT ST,6/19/2012,"$1,402,000 ",2,0465A044
0481 041,3137 GOUGH ST,6/19/2012,"$1,600,000 ",2,481041
6596 044,199 TIFFANY AVE #303,6/19/2012,"$372,500 ",2,6596044
8720 022,325 CHINA BASIN ST #105,6/19/2012,"$761,000 ",2,8720022
0464A021,146 AVILA ST,6/20/2012,"$1,998,000 ",2,0464A021
2648 064,62 COLLINGWOOD ST,6/20/2012,"$820,000 ",2,2648064
3532 139,380 14TH ST #509,6/20/2012,"$752,000 ",2,3532139
3554 073,1930 MISSION ST #303,6/20/2012,"$487,000 ",2,3554073
3719 296,301 MISSION ST #40A,6/20/2012,"$1,670,000 ",2,3719296
3745 349,301 MAIN ST UNIT 31F,6/20/2012,"$1,525,000 ",2,3745349
7126A049,3981 ALEMANY BLVD #213,6/20/2012,"$330,000 ",2,7126A049
7126A274,8200 OCEANVIEW TER. #317,6/20/2012,"$300,390 ",2,7126A274
0106 064,282 UNION ST,6/21/2012,"$1,100,000 ",2,106064
0599 290,1840 WASHINGTON ST #402,6/21/2012,"$965,000 ",2,599290
1859A008,1531 FUNSTON AVE,6/21/2012,"$789,000 ",2,1859A008
3755 215,370 7TH ST #10,6/21/2012,"$700,000 ",2,3755215
3978 159,451 KANSAS ST #612,6/21/2012,"$768,000 ",2,3978159
5534 014,224 HOLLADAY AVE,6/21/2012,"$645,000 ",2,5534014
0168 014,14 THE EMBARCADERO,6/22/2012,"$1,339,000 ",2,168014
0452T045F,900 NORTH POINT ST 632 MB37F,6/22/2012,"$208,000 ",2,0452T045F
0762 224,601 VAN NESS AVE #224,6/22/2012,"$350,000 ",2,762224
1213 025,2182 FELL ST,6/22/2012,"$1,085,000 ",2,1213025
1519 060,574 26TH AVE #2,6/22/2012,"$535,000 ",2,1519060
3532 112,380 14TH ST #209,6/22/2012,"$655,000 ",2,3532112
3532 123,380 14TH ST #402,6/22/2012,"$835,000 ",2,3532123
3532 125,380 14TH ST #404,6/22/2012,"$785,000 ",2,3532125
3719 272,301 MISSION ST #36A,6/22/2012,"$1,620,000 ",2,3719272
3755 209,370 7TH ST #4,6/22/2012,"$590,000 ",2,3755209
4106 116,840 MINNESOTA ST,6/22/2012,"$935,000 ",2,4106116
5431B035,5800 3RD ST #1217,6/22/2012,"$284,061 ",2,5431B035
6423 093,1312 RIDGE CT,6/22/2012,"$290,000 ",2,6423093
6635 059,83 29TH ST,6/22/2012,"$570,000 ",2,6635059
6695 015,390 CHENERY ST,6/22/2012,"$860,000 ",2,6695015
6762 033,49 MARTHA AVE,6/22/2012,"$660,000 ",2,6762033
0149 048,941 VALLEJO ST 48,6/25/2012,"$1,365,000 ",2,149048
1210 045,1927 HAYES ST 6,6/25/2012,"$708,500 ",2,1210045
5431B045,5800 3RD ST #1308,6/25/2012,"$488,000 ",2,5431B045
5843 028,400 ALEMANY BL #10,6/25/2012,"$216,700 ",2,5843028
5843 038,400 ALEMANY BL #20,6/25/2012,"$250,000 ",2,5843038
7544 109,118 EVERSON ST,6/25/2012,"$575,000 ",2,7544109
0088 043,23 MEDAU PL,6/26/2012,"$580,000 ",2,88043
0466A052,52 TOLEDO WAY,6/26/2012,"$1,100,000 ",2,0466A052
0543 022,2810 LAGUNA ST,6/26/2012,"$1,590,000 ",2,543022
0595 149,1601 PACIFIC AVE #204,6/26/2012,"$855,000 ",2,595149
0696 040,1388 GOUGH ST 407,6/26/2012,"$715,000 ",2,696040
1025 047,2800 CALIFORNIA ST 303,6/26/2012,"$895,000 ",2,1025047
3532 138,380 14TH ST #508,6/26/2012,"$585,000 ",2,3532138
0762 075,601 VAN NESS AVE #762,6/27/2012,"$536,000 ",2,762075
1042 034,48 HEATHER AVE,6/27/2012,"$690,000 ",2,1042034
3532 109,380 14TH ST #206,6/27/2012,"$719,325 ",2,3532109
3532 116,380 14TH ST #304,6/27/2012,"$764,000 ",2,3532116
3532 127,380 14TH ST #406,6/27/2012,"$697,000 ",2,3532127
3775 132,188 SOUTH PARK AVE #8,6/27/2012,"$935,000 ",2,3775132
3776 244,555 04TH ST #520,6/27/2012,"$550,000 ",2,3776244
4106 109,801 INDIANA ST #159,6/27/2012,"$727,000 ",2,4106109
5431B025,5800 3RD ST #1205,6/27/2012,"$285,500 ",2,5431B025
0171 050,550 DAVIS ST #33,6/28/2012,"$1,300,000 ",2,171050
0858 050,114 WEBSTER ST,6/28/2012,"$728,000 ",2,858050
2646 081,67 SATURN ST,6/28/2012,"$735,000 ",2,2646081
3532 132,380 14TH ST #502,6/28/2012,"$859,000 ",2,3532132
0052 132,520 CHESTNUT ST #402,6/29/2012,"$1,300,000 ",2,52132
0221 129,1151 TAYLOR ST 1,6/29/2012,"$850,000 ",2,221129
0252C075,1201 CALIFORNIA ST #1503,6/29/2012,"$1,275,000 ",2,0252C075
0478 034,1135 FRANCISCO ST 6,6/29/2012,"$729,000 ",2,478034
0622 025,1776 SACRAMENTO ST 303,6/29/2012,"$815,000 ",2,622025
2746 042,3550 MARKET ST #202,6/29/2012,"$517,000 ",2,2746042
3532 130,380 14TH ST #409,6/29/2012,"$703,000 ",2,3532130
3532 134,380 14TH ST #504,6/29/2012,"$840,000 ",2,3532134
3719 243,301 MISSION ST #31B,6/29/2012,"$1,800,000 ",2,3719243
3719 273,301 MISSION ST #36B,6/29/2012,"$1,835,000 ",2,3719273
4106 113,810 MINNESOTA ST,6/29/2012,"$955,000 ",2,4106113
4106 115,830 MINNESOTA ST,6/29/2012,"$950,000 ",2,4106115
5431B049,5800 3RD ST #1312,6/29/2012,"$264,408 ",2,5431B049
5633 032,622 PERALTA AVE,6/29/2012,"$565,000 ",2,5633032
5633 033,624 PERALTA AVE,6/29/2012,"$565,000 ",2,5633033
5843 020,400 ALEMANY BL #2,6/29/2012,"$223,000 ",2,5843020
8702 499,260 KING ST #665,6/29/2012,"$550,000 ",2,8702499
8702 571,260 KING ST #585,6/29/2012,"$708,000 ",2,8702571
0288 083,333 BUSH ST 3901,7/2/2012,"$1,275,000 ",2,288083
0220 050,1218 LEAVENWORTH ST #6,7/3/2012,"$1,015,000 ",2,220050
0488A049,14 AVILA ST,7/3/2012,"$1,161,500 ",2,0488A049
1375 056,107 15TH AVE,7/3/2012,"$802,500 ",2,1375056
1551 018,577 08TH AVE,7/3/2012,"$1,250,000 ",2,1551018
2782 022,507 DELLBROOK AVE,7/3/2012,"$860,000 ",2,2782022
3594 078,3380 20TH ST 301,7/3/2012,"$470,000 ",2,3594078
3719 330,301 MISSION ST #46E,7/3/2012,"$2,070,000 ",2,3719330
3719 421,301 MISSION ST #805,7/3/2012,"$1,700,000 ",2,3719421
6479 006,240 POPE ST,7/3/2012,"$526,000 ",2,6479006
6513 039,3632 25TH ST,7/3/2012,"$825,000 ",2,6513039
4991 338,1 CRESENT WAY  #1409,7/5/2012,"$285,000 ",2,4991338
6554 043,337 CLIPPER ST,7/5/2012,"$900,000 ",2,6554043
0651 065,2062 PINE ST,7/6/2012,"$1,243,750 ",2,651065
0683 052,2075 SUTTER ST 231,7/6/2012,"$841,000 ",2,683052
3532 119,380 14TH ST #307,7/6/2012,"$649,000 ",2,3532119
3719 122,301 MISSION ST #15F,7/6/2012,"$1,700,000 ",2,3719122
4104 089,681 PENNSYLVANIA #1,7/6/2012,"$650,000 ",2,4104089
5712 050,3583 MISSION ST UNIT-B,7/6/2012,"$660,000 ",2,5712050
0452T044H,900 NORTH POINT ST 631 MB36H,7/9/2012,"$208,000 ",2,0452T044H
4991 315,1 CRESENT WAY  #1302,7/9/2012,"$315,000 ",2,4991315
0096 059,58 ALLEN ST,7/10/2012,"$775,000 ",2,96059
0982 075,2101 BAKER ST 10,7/10/2012,"$870,000 ",2,982075
1255 093,1383 MASONIC AVE,7/10/2012,"$615,000 ",2,1255093
3765 203,425 1ST ST #2901,7/10/2012,"$1,900,000 ",2,3765203
5670 031,327 WINFIELD ST,7/10/2012,"$1,050,000 ",2,5670031
1209 052,885 MASONIC AVE 1,7/11/2012,"$790,000 ",2,1209052
2623 168,4150 17TH ST 1,7/11/2012,"$925,000 ",2,2623168
3719 279,301 MISSION ST #37B,7/11/2012,"$1,760,000 ",2,3719279
3753 152,271 SHIPLEY ST A-1,7/11/2012,"$475,000 ",2,3753152
3765 143,425 1ST ST #2103,7/11/2012,"$1,125,000 ",2,3765143
5555 009,20 MASSASOIT ST,7/11/2012,"$1,350,000 ",2,5555009
5610 007,12 PROSPECT AVE,7/11/2012,"$1,250,000 ",2,5610007
0915 012,2057 JEFFERSON ST,7/12/2012,"$1,837,500 ",2,915012
6745 081,53 WILDER ST #302,7/12/2012,"$818,000 ",2,6745081
0275B096,900 BUSH ST 504,7/13/2012,"$515,000 ",2,0275B096
0275B161,900 BUSH ST 907,7/13/2012,"$520,000 ",2,0275B161
0543 039,1880 GREEN ST,7/13/2012,"$880,000 ",2,543039
3532 110,380 14TH ST #207,7/13/2012,"$755,725 ",2,3532110
3607 070A,3731 20TH ST,7/13/2012,"$1,715,000 ",2,3607070A
4106 166,801 INDIANA ST #564,7/13/2012,"$860,000 ",2,4106166
0171 063,550 DAVIS ST #46,7/16/2012,"$1,230,000 ",2,171063
3748 169,333 01ST ST #N2101,7/16/2012,"$885,000 ",2,3748169
6588 007,752 DUNCAN ST,7/16/2012,"$1,260,000 ",2,6588007
6594 038,141 27TH ST,7/16/2012,"$1,575,000 ",2,6594038
0128C019,1750 TAYLOR ST #0604,7/17/2012,"$6,000,000 ",2,0128C019
0128C020,1750 TAYLOR ST #0605,7/17/2012,"$6,000,000 ",2,0128C020
0595 146,1601 PACIFIC AVE #201,7/17/2012,"$900,000 ",2,595146
3600 018,3962 20TH ST,7/17/2012,"$3,225,000 ",2,3600018
3719 238,301 MISSION ST #30C,7/17/2012,"$2,400,000 ",2,3719238
3776 178,555 04TH ST #404,7/17/2012,"$785,000 ",2,3776178
7047 046,31 CAINE AVE,7/17/2012,"$370,000 ",2,7047046
8704 187,300 BERRY ST # 923,7/17/2012,"$790,000 ",2,8704187
0567 046,1998 BROADWAY  504,7/18/2012,"$810,000 ",2,567046
0580 034,2266 PACIFIC AVE 2,7/18/2012,"$910,000 ",2,580034
0595 156,1601 PACIFIC AVE #403,7/18/2012,"$980,000 ",2,595156
0599 284,1840 WASHINGTON ST #204,7/18/2012,"$975,000 ",2,599284
3754 100,322 06TH ST UNIT 4,7/18/2012,"$688,000 ",2,3754100
3779 214,590 6TH ST #301,7/18/2012,"$775,000 ",2,3779214
3789 782,239 BRANNAN ST #5J,7/18/2012,"$1,250,000 ",2,3789782
5054A166,29 MEGAN DR,7/18/2012,"$460,000 ",2,5054A166
0595 148,1601 PACIFIC AVE #203,7/19/2012,"$799,000 ",2,595148
1153 040,1825 TURK ST 204,7/19/2012,"$749,000 ",2,1153040
1175 042,2001 MCALLISTER ST 106,7/19/2012,"$695,000 ",2,1175042
2087 024,1986 48TH AVE,7/19/2012,"$420,000 ",2,2087024
3627 036,931 SANCHEZ ST,7/19/2012,"$908,000 ",2,3627036
0522 038,1501 GREENWICH ST #402,7/20/2012,"$890,000 ",2,522038
0854 103,55 PAGE ST 624,7/20/2012,"$675,000 ",2,854103
1175 036,2001 MCALLISTER ST 142,7/20/2012,"$765,000 ",2,1175036
3719 047,301 MISSION ST #5J,7/20/2012,"$1,067,000 ",2,3719047
3719 375,301 MISSION ST #56D,7/20/2012,"$3,560,000 ",2,3719375
4260 016,1367 KANSAS ST,7/20/2012,"$715,000 ",2,4260016
8702 300,250 KING ST #880,7/20/2012,"$630,000 ",2,8702300
1836 028,1493 17TH AVE,7/24/2012,"$729,000 ",2,1836028
3569 110,88 HOFF ST UNIT 18,7/24/2012,"$646,000 ",2,3569110
6726 001,501 CHENERY ST,7/24/2012,"$1,000,000 ",2,6726001
0114 053,337 UNION ST,7/25/2012,"$1,550,000 ",2,114053
0678 120,2261 BUSH ST 1,7/25/2012,"$655,000 ",2,678120
0762 072,601 VAN NESS AVE 72,7/25/2012,"$520,000 ",2,762072
1824 031,1462 30TH AVE,7/25/2012,"$674,000 ",2,1824031
3532 128,380 14TH ST #407,7/25/2012,"$659,000 ",2,3532128
3768 081,38 BRYANT ST 904,7/25/2012,"$825,000 ",2,3768081
5627 016,74 BANKS ST,7/25/2012,"$1,250,000 ",2,5627016
0223 041,901 POWELL ST 14,7/26/2012,"$1,021,500 ",2,223041
0696 060,1388 GOUGH ST 706,7/26/2012,"$780,000 ",2,696060
3956 011,370 DE HARO ST UNITA-1,7/26/2012,"$940,000 ",2,3956011
4106 145,808 MINNESOTA ST #454,7/26/2012,"$911,125 ",2,4106145
8707 129,335 BERRY ST #109,7/26/2012,"$246,465 ",2,8707129
0452T045H,900 NORTH POINT ST 632 MB37H,7/27/2012,"$208,000 ",2,0452T045H
2540 045,2760 19TH AVE 37,7/27/2012,"$459,000 ",2,2540045
3751 295,300 03RD ST 806,7/27/2012,"$825,000 ",2,3751295
0166 064,733 FRONT ST #601,7/30/2012,"$2,195,000 ",2,166064
3735 134,246 02ND ST #1303,7/30/2012,"$888,000 ",2,3735134
0854 049,55 PAGE ST 329,7/31/2012,"$800,000 ",2,854049
0861 069,576 WALLER ST,7/31/2012,"$875,000 ",2,861069
1066 002,5 COOK ST,7/31/2012,"$864,000 ",2,1066002
3511 112,1025 MINNA ST #2,7/31/2012,"$725,000 ",2,3511112
3775 215,1 SOUTH PARK ST 410,7/31/2012,"$1,245,000 ",2,3775215
5544 030,3316 FOLSOM ST,7/31/2012,"$650,000 ",2,5544030
6541 046,747 GRAND VIEW AVE,7/31/2012,"$900,000 ",2,6541046
3719 054,301 MISSION ST #6G,8/1/2012,"$979,000 ",2,3719054
3719 061,301 MISSION ST #7E,8/1/2012,"$1,044,000 ",2,3719061
6718 014D,245 ROANOKE ST,8/1/2012,"$1,017,500 ",2,6718014D
8708 208,235 BERRY ST #713,8/1/2012,"$855,000 ",2,8708208
8720 119,420 MISSION BAY BLVD NORTH #103,8/1/2012,"$872,500 ",2,8720119
1269 125,271 DOWNEY ST,8/2/2012,"$1,450,000 ",2,1269125
6727 006A,518 CHENERY ST,8/2/2012,"$805,000 ",2,6727006A
8720 139,480 MISSION BAY BLVD NORTH #202,8/2/2012,"$885,000 ",2,8720139
0094C004,2164 HYDE ST #304,8/3/2012,"$1,262,500 ",2,0094C004
0512 054,3190 SCOTT STREET #302,8/3/2012,"$935,000 ",2,512054
1005 054,3016 - S SACRAMENTO ST,8/3/2012,"$1,450,000 ",2,1005054
3719 284,301 MISSION ST #38A,8/3/2012,"$1,650,000 ",2,3719284
3765 150,425 1ST ST #2202,8/3/2012,"$1,200,000 ",2,3765150
3767 272,201 HARRISON ST 927,8/3/2012,"$772,000 ",2,3767272
6545 024,4381 25TH ST,8/3/2012,"$1,535,525 ",2,6545024
8720 210,420 MISSION BAY BLVD NORTH #408,8/3/2012,"$818,680 ",2,8720210
8720 211,420 MISSION BAY BLVD NORTH #409,8/3/2012,"$838,000 ",2,8720211
3719 327,301 MISSION ST #46B,8/6/2012,"$2,750,000 ",2,3719327
8704 025,300 BERRY ST #303,8/6/2012,"$620,000 ",2,8704025
8720 204,420 MISSION BAY BLVD NORTH #402,8/6/2012,"$799,000 ",2,8720204
8720 382,480 MISSION BAY BLVD NORTH #911,8/6/2012,"$905,000 ",2,8720382
0512 057,"3190 SCOTT STREET, #308",8/7/2012,"$970,000 ",2,512057
0516 048,2148 FILBERT ST,8/7/2012,"$850,000 ",2,516048
0516 049,2150 FILBERT ST,8/7/2012,"$900,000 ",2,516049
0580 090,2200 PACIFIC AVE 10C,8/7/2012,"$1,600,000 ",2,580090
2633 015,321 PARNASSUS AVE,8/7/2012,"$855,000 ",2,2633015
3650 054,1119 CHURCH ST,8/7/2012,"$1,605,000 ",2,3650054
3786 284,310 TOWNSEND ST #301,8/7/2012,"$1,295,000 ",2,3786284
8720 343,420 MISSION BAY BLVD NORTH #708,8/7/2012,"$877,850 ",2,8720343
0452T049E,900 NORTH POINT ST 710 CHB54E,8/8/2012,"$208,000 ",2,0452T049E
1115 031,15 FORTUNA AVE,8/8/2012,"$810,000 ",2,1115031
3745 236,301 MAIN ST UNIT 16D,8/8/2012,"$1,414,000 ",2,3745236
3765 355,425 1ST ST #4903,8/8/2012,"$1,275,000 ",2,3765355
3774 271,200 BRANNAN ST #130,8/8/2012,"$930,000 ",2,3774271
8720 164,420 MISSION BAY BLVD NORTH #303,8/8/2012,"$689,000 ",2,8720164
8720 209,420 MISSION BAY BLVD NORTH #407,8/8/2012,"$714,000 ",2,8720209
8720 301,420 MISSION BAY BLVD NORTH #605,8/8/2012,"$722,650 ",2,8720301
8720 304,420 MISSION BAY BLVD NORTH #608,8/8/2012,"$852,630 ",2,8720304
8720 345,480 MISSION BAY BLVD NORTH #710,8/8/2012,"$916,000 ",2,8720345
0224 061,10 MILLER PL 1052,8/9/2012,"$1,164,000 ",2,224061
0476 009,1062 FRANCISCO ST,8/9/2012,"$2,000,000 ",2,476009
0739 023,818 VAN NESS AVE #206,8/9/2012,"$745,000 ",2,739023
0862 041,138 SCOTT ST,8/9/2012,"$890,000 ",2,862041
3532 107,380 14TH ST #204,8/9/2012,"$750,000 ",2,3532107
3787 096,601 04TH ST 217,8/9/2012,"$1,400,000 ",2,3787096
4106 162,801 INDIANA ST #560,8/9/2012,"$899,000 ",2,4106162
4991 410,958 LE CONTE AVE UNIT #1,8/9/2012,"$226,000 ",2,4991410
7126A201,8300 OCEANVIEW TER. #408,8/9/2012,"$290,000 ",2,7126A201
8720 163,420 MISSION BAY BLVD NORTH #302,8/9/2012,"$859,000 ",2,8720163
8720 171,420 MISSION BAY BLVD NORTH #310,8/9/2012,"$916,000 ",2,8720171
8720 179,480 MISSION BAY BLVD NORTH #318,8/9/2012,"$874,000 ",2,8720179
8720 316,480 MISSION BAY BLVD NORTH #620,8/9/2012,"$751,000 ",2,8720316
8720 337,420 MISSION BAY BLVD NORTH #702,8/9/2012,"$1,029,000 ",2,8720337
0742 126,650 TURK STREET 501,8/10/2012,"$550,000 ",2,742126
1842 008,1441 11TH AVE,8/10/2012,"$725,000 ",2,1842008
2012 031,1762 38TH AVE,8/10/2012,"$750,000 ",2,2012031
2702 029,34 YUKON ST,8/10/2012,"$830,000 ",2,2702029
3541 104,33 HENRY ST,8/10/2012,"$840,000 ",2,3541104
3776 348,555 04TH ST #727,8/10/2012,"$616,400 ",2,3776348
4106 164,801 INDIANA ST #562,8/10/2012,"$877,000 ",2,4106164
5687 035,209 NEVADA ST,8/10/2012,"$712,000 ",2,5687035
5744 037,219 CRESCENT AVE,8/10/2012,"$779,000 ",2,5744037
8720 120,420 MISSION BAY BLVD NORTH #104,8/10/2012,"$926,000 ",2,8720120
8720 122,480 MISSION BAY BLVD NORTH #106,8/10/2012,"$926,000 ",2,8720122
8720 383,480 MISSION BAY BLVD NORTH #912,8/10/2012,"$936,000 ",2,8720383
8720 219,480 MISSION BAY BLVD NORTH #417,8/13/2012,"$658,000 ",2,8720219
8720 336,420 MISSION BAY BLVD NORTH #701,8/13/2012,"$957,000 ",2,8720336
0248 040,1350 CALIFORNIA ST 105,8/14/2012,"$640,000 ",2,248040
2628 107,343 UPPER TER,8/14/2012,"$770,000 ",2,2628107
3719 209,301 MISSION ST #25F,8/14/2012,"$1,975,000 ",2,3719209
3765 408,425 1ST ST #5904,8/14/2012,"$2,300,000 ",2,3765408
3774 270,200 BRANNAN ST #129,8/14/2012,"$1,300,000 ",2,3774270
8720 169,420 MISSION BAY BLVD NORTH #308,8/14/2012,"$857,500 ",2,8720169
8720 360,420 MISSION BAY BLVD NORTH #807,8/14/2012,"$882,700 ",2,8720360
8720 404,480 MISSION BAY BLVD NORTH #1107,8/14/2012,"$1,010,000 ",2,8720404
0713 041,1200 GOUGH ST 3A,8/15/2012,"$670,000 ",2,713041
1333 046,195 25TH AVE 201,8/15/2012,"$525,000 ",2,1333046
3532 105,380 14TH ST #202,8/15/2012,"$699,000 ",2,3532105
3765 135,425 1ST ST #2003,8/15/2012,"$1,125,000 ",2,3765135
3765 390,425 1ST ST #5502,8/15/2012,"$1,525,501 ",2,3765390
8720 221,480 MISSION BAY BLVD NORTH #419,8/15/2012,"$625,650 ",2,8720221
8720 303,420 MISSION BAY BLVD NORTH #607,8/15/2012,"$849,000 ",2,8720303
8720 348,480 MISSION BAY BLVD NORTH #713,8/15/2012,"$705,000 ",2,8720348
0522 040,1501 GREENWICH ST #404,8/16/2012,"$927,000 ",2,522040
0599 189,1701 JACKSON ST #408,8/16/2012,"$849,000 ",2,599189
0638 065,2299 SACRAMENTO ST 9,8/16/2012,"$770,000 ",2,638065
0646 033,1635 CALIFORNIA ST #44,8/16/2012,"$660,000 ",2,646033
1062 063,166 PALM AVE #2,8/16/2012,"$850,000 ",2,1062063
1176 046,1963 MCALLISTER ST,8/16/2012,"$806,000 ",2,1176046
1219 075,1134 PAGE ST,8/16/2012,"$1,400,000 ",2,1219075
3719 348,301 MISSION ST #50A,8/16/2012,"$3,541,000 ",2,3719348
3776 374,555 04TH ST #803,8/16/2012,"$835,000 ",2,3776374
8720 173,480 MISSION BAY BLVD NORTH #312,8/16/2012,"$864,000 ",2,8720173
8720 392,420 MISSION BAY BLVD NORTH #1003,8/16/2012,"$1,085,000 ",2,8720392
0600 023,1885 JACKSON ST 301,8/17/2012,"$775,000 ",2,600023
1049 078,2662 BUSH ST,8/17/2012,"$750,000 ",2,1049078
1175 108,2001 MCALLISTER ST 223,8/17/2012,"$735,000 ",2,1175108
3532 114,380 14TH ST #302,8/17/2012,"$775,000 ",2,3532114
3532 136,380 14TH ST #506,8/17/2012,"$759,000 ",2,3532136
3765 086,425  1ST ST #1402,8/17/2012,"$1,189,000 ",2,3765086
4262 033,1348 VERMONT ST,8/17/2012,"$700,000 ",2,4262033
8720 268,480 MISSION BAY BLVD NORTH #519,8/17/2012,"$668,000 ",2,8720268
8720 365,480 MISSION BAY BLVD NORTH #812,8/17/2012,"$916,000 ",2,8720365
8720 425,420 MISSION BAY BLVD NORTH #1404,8/17/2012,"$1,354,000 ",2,8720425
1761 045,555 IRVING ST UNIT #2,8/20/2012,"$740,000 ",2,1761045
8704 168,300 BERRY ST # 904,8/20/2012,"$700,000 ",2,8704168
8720 309,480 MISSION BAY BLVD NORTH #613,8/20/2012,"$655,000 ",2,8720309
8720 371,480 MISSION BAY BLVD NORTH #818,8/20/2012,"$890,010 ",2,8720371
8720 378,420 MISSION BAY BLVD NORTH #907,8/20/2012,"$877,850 ",2,8720378
8720 396,480 MISSION BAY BLVD NORTH #1007,8/20/2012,"$988,020 ",2,8720396
0041 117,329 BAY ST #304,8/21/2012,"$750,000 ",2,41117
0478 033,1135 FRANCISCO ST 5,8/21/2012,"$865,000 ",2,478033
1100 107,20 - 40 BEIDEMAN ST 101,8/21/2012,"$585,000 ",2,1100107
1197 048,1736 HAYES ST,8/21/2012,"$850,000 ",2,1197048
3704 147,418 JESSIE ST #203A,8/21/2012,"$16,600,000 ",2,3704147
3704 150,418 JESSIE ST #303A,8/21/2012,"$16,600,000 ",2,3704150
3704 151,418 JESSIE ST #304A,8/21/2012,"$16,600,000 ",2,3704151
3704 152,418  JESSIE ST #306A,8/21/2012,"$16,600,000 ",2,3704152
3704 154,418 JESSIE ST #402A,8/21/2012,"$16,600,000 ",2,3704154
3704 155,418 JESSIE ST #403A,8/21/2012,"$16,600,000 ",2,3704155
3704 156,418 JESSIE ST #404A,8/21/2012,"$16,600,000 ",2,3704156
3704 158,418 JESSIE ST #502A,8/21/2012,"$16,600,000 ",2,3704158
3704 159,418 JESSIE ST #503A,8/21/2012,"$16,600,000 ",2,3704159
3704 160,418 JESSIE ST #504A,8/21/2012,"$16,600,000 ",2,3704160
3704 166,418 JESSIE ST #703A,8/21/2012,"$16,600,000 ",2,3704166
3704 169,418 JESSIE ST #803A,8/21/2012,"$16,600,000 ",2,3704169
3722 316,188 MINNA ST 31D,8/21/2012,"$3,100,000 ",2,3722316
8708 051,255 BERRY ST #403,8/21/2012,"$910,000 ",2,8708051
8720 121,480 MISSION BAY BLVD NORTH #105,8/21/2012,"$926,000 ",2,8720121
8720 305,480 MISSION BAY BLVD NORTH #609,8/21/2012,"$849,000 ",2,8720305
8720 361,420 MISSION BAY BLVD NORTH #808,8/21/2012,"$916,000 ",2,8720361
8720 389,480 MISSION BAY BLVD NORTH #918,8/21/2012,"$969,000 ",2,8720389
2623 173,4150 17TH ST 6,8/22/2012,"$940,000 ",2,2623173
6272 042,4851 MISSION ST #3,8/22/2012,"$470,000 ",2,6272042
6692 069,80A RICHLAND AVE,8/22/2012,"$781,000 ",2,6692069
8720 256,420 MISSION BAY BLVD NORTH #507,8/22/2012,"$712,950 ",2,8720256
8720 257,420 MISSION BAY BLVD NORTH #508,8/22/2012,"$849,000 ",2,8720257
8720 263,480 MISSION BAY BLVD NORTH #514,8/22/2012,"$899,000 ",2,8720263
0777 046,1110 FULTON ST,8/23/2012,"$1,100,000 ",2,777046
1175 157,2001 MCALLISTER ST 327,8/23/2012,"$730,000 ",2,1175157
3719 217,301 MISSION ST #26F,8/23/2012,"$1,500,000 ",2,3719217
3789 793,239 BRANNAN ST #7E,8/23/2012,"$1,120,000 ",2,3789793
5431B037,5800 3RD ST #1220,8/23/2012,"$419,000 ",2,5431B037
5700 015,384 NEVADA ST,8/23/2012,"$525,000 ",2,5700015
8720 252,420 MISSION BAY BLVD NORTH #503,8/23/2012,"$699,000 ",2,8720252
8720 259,420 MISSION BAY BLVD NORTH #510,8/23/2012,"$872,030 ",2,8720259
8720 445,480 MISSION BAY BLVD NORTH #1608,8/23/2012,"$1,222,000 ",2,8720445
0224 067,10 MILLER PL 1802,8/24/2012,"$1,225,000 ",2,224067
0452T044G,900 NORTH POINT ST 631 MB36G,8/24/2012,"$208,000 ",2,0452T044G
1219 076,1136 PAGE ST,8/24/2012,"$985,000 ",2,1219076
3544 112,8 LANDERS ST #204,8/24/2012,"$1,010,001 ",2,3544112
5843 028,400 ALEMANY BL #10,8/24/2012,"$335,000 ",2,5843028
6423 217,181 STONERIDGE LN,8/24/2012,"$342,000 ",2,6423217
7126A236,8200 OCEANVIEW TER. #203,8/24/2012,"$261,000 ",2,7126A236
8702 292,250 KING ST #864,8/24/2012,"$799,000 ",2,8702292
8720 172,420 MISSION BAY BLVD NORTH #311,8/24/2012,"$869,000 ",2,8720172
8720 269,480 MISSION BAY BLVD NORTH #520,8/24/2012,"$867,000 ",2,8720269
8720 376,420 MISSION BAY BLVD NORTH #905,8/24/2012,"$740,000 ",2,8720376
8720 444,480 MISSION BAY BLVD NORTH #1607,8/24/2012,"$1,047,600 ",2,8720444
0451 179,1050 NORTH POINT ST #0702,8/27/2012,"$800,000 ",2,451179
3719 247,301 MISSION ST #31F,8/27/2012,"$1,630,000 ",2,3719247
8720 205,420 MISSION BAY BLVD NORTH #403,8/27/2012,"$694,000 ",2,8720205
0171 034,550 DAVIS ST #17,8/28/2012,"$1,195,000 ",2,171034
0243 082,850 POWELL ST #502,8/28/2012,"$995,000 ",2,243082
0830 047,444 A OAK ST,8/28/2012,"$1,250,000 ",2,830047
3735 118,246 02ND ST #1103,8/28/2012,"$902,400 ",2,3735118
3978 035,451 KANSAS ST #366,8/28/2012,"$320,000 ",2,3978035
4162 091,999 WISCONSIN ST #7,8/28/2012,"$483,000 ",2,4162091
7163 030,156 GOETHE ST,8/28/2012,"$520,000 ",2,7163030
8720 271,480 MISSION BAY BLVD NORTH #522,8/28/2012,"$741,000 ",2,8720271
8720 364,480 MISSION BAY BLVD NORTH #811,8/28/2012,"$937,000 ",2,8720364
0288 067,333 BUSH ST 3701,8/29/2012,"$1,150,000 ",2,288067
8720 251,420 MISSION BAY BLVD NORTH #502,8/29/2012,"$879,000 ",2,8720251
8720 261,480 MISSION BAY BLVD NORTH #512,8/29/2012,"$874,000 ",2,8720261
8720 353,480 MISSION BAY BLVD NORTH #718,8/29/2012,"$916,000 ",2,8720353
0128C005,1750 TAYLOR ST #0302,8/31/2012,"$1,245,000 ",2,0128C005
0275B101,900 BUSH ST 515,9/4/2012,"$535,000 ",2,0275B101
6524 045,3166 26TH ST #3,9/4/2012,"$422,000 ",2,6524045
0678 101,2060 SUTTER ST 506,9/5/2012,"$880,000 ",2,678101
0713 035,1200 GOUGH ST 2A,9/5/2012,"$689,000 ",2,713035
3546 042,419 14TH ST,9/5/2012,"$1,050,000 ",2,3546042
3706 238,765 MARKET ST #036F,9/5/2012,"$5,100,000 ",2,3706238
3719 432,301 MISSION ST #1004,9/5/2012,"$1,595,000 ",2,3719432
3722 327,188 MINNA ST 33C,9/5/2012,"$1,750,000 ",2,3722327
3765 103,425 1ST ST #1603,9/5/2012,"$1,090,000 ",2,3765103
5335A113,167 BAY VIEW CIR,9/5/2012,"$380,000 ",2,5335A113
8720 373,420 MISSION BAY BLVD NORTH #902,9/5/2012,"$1,060,000 ",2,8720373
8720 424,420 MISSION BAY BLVD NORTH #1403,9/5/2012,"$1,115,000 ",2,8720424
4216 070,2250 24TH ST #219,9/6/2012,"$405,000 ",2,4216070
6346 001,600 LONDON ST,9/6/2012,"$365,000 ",2,6346001
8720 214,480 MISSION BAY BLVD NORTH #412,9/6/2012,"$842,900 ",2,8720214
0497 061,3036 GOUGH ST,9/7/2012,"$119,000 ",2,497061
0497 062,3038 GOUGH ST,9/7/2012,"$1,190,000 ",2,497062
0501 061,1380 GREENWICH ST 305,9/7/2012,"$655,000 ",2,501061
0567 050,1998 BROADWAY  601,9/7/2012,"$755,000 ",2,567050
0867 043,423 WALLER ST 1,9/7/2012,"$500,000 ",2,867043
2049B019,855 PACHECO ST,9/7/2012,"$967,000 ",2,2049B019
3622 051A,521 HILL ST,9/7/2012,"$1,805,000 ",2,3622051A
3719 320,301 MISSION ST #45A,9/7/2012,"$1,720,000 ",2,3719320
3719 321,301 MISSION ST #45B,9/7/2012,"$2,730,000 ",2,3719321
3765 394,425 1ST ST #5602,9/7/2012,"$1,550,000 ",2,3765394
8720 362,480 MISSION BAY BLVD NORTH #809,9/7/2012,"$903,500 ",2,8720362
3719 082,301 MISSION ST #9J,9/10/2012,"$910,000 ",2,3719082
8720 366,480 MISSION BAY BLVD NORTH #813,9/10/2012,"$699,370 ",2,8720366
0071 042,1184 GREENWICH ST,9/11/2012,"$939,000 ",2,71042
0597 037,1591 JACKSON ST 308,9/11/2012,"$945,000 ",2,597037
3576 130,3375 17TH ST ST #202,9/11/2012,"$960,000 ",2,3576130
3631 037,981 DOLORES ST,9/11/2012,"$965,000 ",2,3631037
3771 107,501 BEALE ST # 18B,9/11/2012,"$850,000 ",2,3771107
3789 653,229 BRANNAN ST #2E,9/11/2012,"$1,130,000 ",2,3789653
4069 043,537 WISCONSIN ST,9/11/2012,"$777,000 ",2,4069043
0452T044I,900 NORTH POINT ST 631 MB36I,9/12/2012,"$208,000 ",2,0452T044I
0943 023,2657 GREENWICH ST,9/12/2012,"$1,025,000 ",2,943023
3637 019B,792 CAPP ST,9/12/2012,"$510,000 ",2,3637019B
8720 379,420 MISSION BAY BLVD NORTH #908,9/12/2012,"$936,000 ",2,8720379
8720 381,480 MISSION BAY BLVD NORTH #910,9/12/2012,"$926,000 ",2,8720381
4086 029,2278 BRYANT ST,9/13/2012,"$810,000 ",2,4086029
8708 192,235 BERRY ST #611,9/13/2012,"$988,000 ",2,8708192
0476 010,1060 FRANCISCO ST,9/14/2012,"$2,250,000 ",2,476010
0976 051,2919 PACIFIC AVE 5,9/14/2012,"$975,000 ",2,976051
2718A020,3 BURNETT NORTH AVE #4,9/14/2012,"$830,000 ",2,2718A020
3704 120,410 JESSIE ST #201,9/14/2012,"$869,000 ",2,3704120
3719 352,301 MISSION ST #51A,9/14/2012,"$3,585,000 ",2,3719352
3722 349,188 MINNA ST 37B,9/14/2012,"$2,300,000 ",2,3722349
5520 027,16 MONTEZUMA ST,9/14/2012,"$1,600,001 ",2,5520027
6745 083,53 WILDER ST #304,9/14/2012,"$890,000 ",2,6745083
7126A201,8300 OCEANVIEW TER. #408,9/14/2012,"$388,000 ",2,7126A201
8720 342,420 MISSION BAY BLVD NORTH #707,9/14/2012,"$912,000 ",2,8720342
8720 400,420 MISSION BAY BLVD NORTH #1103,9/14/2012,"$1,052,000 ",2,8720400
8720 420,480 MISSION BAY BLVD NORTH #1307,9/14/2012,"$1,018,500 ",2,8720420
3765 404,425 1ST ST #5804,9/17/2012,"$2,250,000 ",2,3765404
0452T045G,900 NORTH POINT ST 632 MB37G,9/18/2012,"$208,000 ",2,0452T045G
1842 049,1405 11TH AVE,9/18/2012,"$783,000 ",2,1842049
3706 237,765 MARKET ST #036E,9/18/2012,"$1,950,000 ",2,3706237
3719 044,301 MISSION ST #5F,9/18/2012,"$1,435,000 ",2,3719044
3719 271,301 MISSION ST #35F,9/18/2012,"$1,749,000 ",2,3719271
8720 412,480 MISSION BAY BLVD NORTH #1207,9/18/2012,"$1,020,000 ",2,8720412
8720 416,420 MISSION BAY BLVD NORTH #1303,9/18/2012,"$1,071,850 ",2,8720416
0191 036,939 JACKSON ST #201,9/19/2012,"$780,000 ",2,191036
2828 001D,911 ELIZABETH ST,9/19/2012,"$1,149,000 ",2,2828001D
3793 089,88 KING ST #509,9/19/2012,"$908,000 ",2,3793089
8702 110,250 KING ST #1318,9/19/2012,"$760,000 ",2,8702110
8720 372,420 MISSION BAY BLVD NORTH #901,9/19/2012,"$959,330 ",2,8720372
8720 388,480 MISSION BAY BLVD NORTH #917,9/19/2012,"$794,850 ",2,8720388
8720 408,420 MISSION BAY BLVD NORTH #1203,9/19/2012,"$1,128,000 ",2,8720408
8720 428,480 MISSION BAY BLVD NORTH #1407,9/19/2012,"$1,040,000 ",2,8720428
8720 432,420 MISSION BAY BLVD NORTH #1503,9/19/2012,"$1,091,250 ",2,8720432
0689 175,1483 SUTTER ST 1404,9/20/2012,"$828,000 ",2,689175
2641 031,293 EDGEWOOD AVE,9/20/2012,"$1,350,000 ",2,2641031
3751 317,300 03RD ST 905,9/20/2012,"$799,000 ",2,3751317
3754 084,155 HARRIET ST #7,9/20/2012,"$555,000 ",2,3754084
3765 167,425 1ST ST #2403,9/20/2012,"$1,120,000 ",2,3765167
6618 042,200 29TH ST #3,9/20/2012,"$945,000 ",2,6618042
8720 170,420 MISSION BAY BLVD NORTH #309,9/20/2012,"$823,530 ",2,8720170
8720 175,480 MISSION BAY BLVD NORTH #314,9/20/2012,"$935,000 ",2,8720175
8720 314,480 MISSION BAY BLVD NORTH #618,9/20/2012,"$856,510 ",2,8720314
0606 043,2544 WASHINGTON ST A,9/21/2012,"$350,000 ",2,606043
0678 051,2040 SUTTER ST 307,9/21/2012,"$825,000 ",2,678051
1158 046,749 BAKER ST,9/21/2012,"$803,000 ",2,1158046
2649 007A,44 DIAMOND ST,9/21/2012,"$1,430,000 ",2,2649007A
5981 034,120 BURROWS ST 2,9/21/2012,"$295,000 ",2,5981034
8720 380,480 MISSION BAY BLVD NORTH #909,9/21/2012,"$905,000 ",2,8720380
8720 393,420 MISSION BAY BLVD NORTH #1004,9/21/2012,"$1,324,000 ",2,8720393
8720 429,480 MISSION BAY BLVD NORTH #1408,9/21/2012,"$1,288,000 ",2,8720429
8720 436,480 MISSION BAY BLVD NORTH #1507,9/24/2012,"$1,018,500 ",2,8720436
0689 108,1483 SUTTER ST 704,9/25/2012,"$818,000 ",2,689108
1692 079,855 LA PLAYA  351,9/25/2012,"$495,500 ",2,1692079
1895 044,4225 LAWTON ST,9/25/2012,"$627,000 ",2,1895044
8720 100,325 CHINA BASIN ST #607,9/25/2012,"$1,148,000 ",2,8720100
8720 308,480 MISSION BAY BLVD NORTH #612,9/25/2012,"$879,000 ",2,8720308
8720 354,420 MISSION BAY BLVD NORTH #801,9/25/2012,"$950,000 ",2,8720354
8720 431,420 MISSION BAY BLVD NORTH #1502,9/25/2012,"$1,400,000 ",2,8720431
0696 068,1388 GOUGH ST 807,9/26/2012,"$715,000 ",2,696068
3605 049,366 LIBERTY ST,9/26/2012,"$3,090,000 ",2,3605049
3719 396,301 MISSION ST #404,9/26/2012,"$1,500,000 ",2,3719396
3776 428,555 04TH ST #909,9/26/2012,"$732,500 ",2,3776428
8720 347,480 MISSION BAY BLVD NORTH #712,9/26/2012,"$925,000 ",2,8720347
8720 415,420 MISSION BAY BLVD NORTH #1302,9/26/2012,"$1,380,000 ",2,8720415
8720 421,480 MISSION BAY BLVD NORTH #1308,9/26/2012,"$1,277,000 ",2,8720421
3776 419,555 04TH ST #900,9/27/2012,"$850,000 ",2,3776419
4268 040,2964 25TH ST #301,10/1/2012,"$650,000 ",2,4268040
5676 027,333 ELSIE ST,10/1/2012,"$800,000 ",2,5676027
8702 139,250 KING ST #1616,10/1/2012,"$1,405,000 ",2,8702139
8720 215,480 MISSION BAY BLVD NORTH #413,10/1/2012,"$859,000 ",2,8720215
8720 224,480 MISSION BAY BLVD NORTH #422,10/1/2012,"$735,000 ",2,8720224
0501 045,1380 GREENWICH ST 111,10/2/2012,"$810,000 ",2,501045
0696 090,1388 GOUGH ST 1108,10/2/2012,"$900,000 ",2,696090
8720 216,480 MISSION BAY BLVD NORTH #414,10/2/2012,"$921,000 ",2,8720216
2768 044,404 DIAMOND ST,10/3/2012,"$815,000 ",2,2768044
3719 045,301 MISSION ST #5G,10/3/2012,"$1,010,000 ",2,3719045
3719 288,301 MISSION ST #38E,10/3/2012,"$2,288,000 ",2,3719288
5637 019,681 PERALTA AVE,10/3/2012,"$780,000 ",2,5637019
6596 044,199 TIFFANY AVE #303,10/3/2012,"$460,000 ",2,6596044
8720 258,420 MISSION BAY BLVD NORTH #509,10/3/2012,"$833,500 ",2,8720258
8720 260,420 MISSIONBAY BLVD NORTH #511,10/3/2012,"$878,000 ",2,8720260
8720 346,480 MISSION BAY BLVD NORTH #711,10/3/2012,"$911,000 ",2,8720346
8720 407,420 MISSION BAY BLVD NORTH #1202,10/3/2012,"$1,370,000 ",2,8720407
8720 417,420 MISSION BAY BLVD NORTH #1304,10/3/2012,"$1,344,000 ",2,8720417
8720 419,480 MISSION BAY BLVD NORTH #1306,10/3/2012,"$1,262,000 ",2,8720419
0529 047,1755 FILBERT ST #19 1E,10/4/2012,"$987,000 ",2,529047
8720 311,480 MISSION BAY BLVD NORTH #615,10/4/2012,"$659,000 ",2,8720311
8720 413,480 MISSION BAY BLVD NORTH #1208,10/4/2012,"$1,267,000 ",2,8720413
0452T045I,900 NORTH POINT ST 632 MB37I,10/11/2012,"$208,000 ",2,0452T045I
0047C127,1080 CHESTNUT ST #007B,10/12/2012,"$1,090,000 ",2,0047C127
0493 033,1817 CHESTNUT ST,10/12/2012,"$707,000 ",2,493033
1061 053,105 PALM AVE,10/12/2012,"$700,000 ",2,1061053
2063 003,1823 26TH AVE,10/12/2012,"$769,500 ",2,2063003
2090 007,1927 44TH AVE,10/12/2012,"$795,000 ",2,2090007
3978 109,451 KANSAS ST #491,10/12/2012,"$756,000 ",2,3978109
6579 030,3993 CESAR CHAVEZ ST,10/12/2012,"$940,000 ",2,6579030
7126A066,3981 ALEMANY BLVD #311,10/12/2012,"$285,000 ",2,7126A066
0735 118,1112 EDDY ST A,10/15/2012,"$415,000 ",2,735118
3587 120,29 OAKWOOD ST #20,10/15/2012,"$870,000 ",2,3587120
3643 070,251 BARTLETT ST UNIT #B,10/15/2012,"$860,000 ",2,3643070
3719 344,301 MISSION ST #49A,10/15/2012,"$3,500,000 ",2,3719344
5342 002A,1600 SHAFTER AVE,10/15/2012,"$340,000 ",2,5342002A
8720 437,480 MISSION BAY BLVD NORTH #1508,10/15/2012,"$1,298,000 ",2,8720437
0098C023,1020 UNION ST #024,10/16/2012,"$1,575,000 ",2,0098C023
1129 037,1973 EDDY ST 4,10/16/2012,"$859,000 ",2,1129037
3719 028,301 MISSION STREET #3J,10/16/2012,"$995,000 ",2,3719028
3735 113,246 02ND ST #1006,10/16/2012,"$779,000 ",2,3735113
0696 079,1388 GOUGH ST 1003,10/17/2012,"$850,000 ",2,696079
1785 019A,1374 31ST AVE,10/17/2012,"$866,000 ",2,1785019A
2398 037,2426 28TH AVE,10/17/2012,"$730,000 ",2,2398037
0715 054,151 ALICE B TOKLAS PL 708,10/18/2012,"$850,000 ",2,715054
1175 046,2001 MCALLISTER ST 110,10/18/2012,"$715,000 ",2,1175046
1255 073,24 DELMAR ST,10/18/2012,"$1,350,000 ",2,1255073
2360 022,2366 32ND AVE,10/18/2012,"$690,000 ",2,2360022
3771 128,501 BEALE ST #21F,10/18/2012,"$1,025,000 ",2,3771128
8720 159,420 MISSION BAY BLVD NORTH #222,10/18/2012,"$815,000 ",2,8720159
0595 150,1601 PACIFIC AVE #205,10/19/2012,"$865,000 ",2,595150
1129 030,1030 BRODERICK ST,10/19/2012,"$1,400,000 ",2,1129030
1553 011,557 10TH AVE,10/19/2012,"$2,200,000 ",2,1553011
3764 071,461 02ND ST 102C,10/19/2012,"$1,030,000 ",2,3764071
3784 154,25 LUCERNE ST #A,10/19/2012,"$910,000 ",2,3784154
8708 199,235 BERRY ST #704,10/19/2012,"$850,000 ",2,8708199
1185 051,1667A FULTON ST,10/22/2012,"$600,000 ",2,1185051
1282 030,1219 SHRADER ST,10/22/2012,"$860,000 ",2,1282030
3541 100,91 HENRY ST,10/22/2012,"$780,000 ",2,3541100
5803 021,44 CRESCENT AVE,10/22/2012,"$939,000 ",2,5803021
0696 074,1388 GOUGH ST #906,10/23/2012,"$788,000 ",2,696074
0779 189,988 FULTON ST UNIT 335,10/24/2012,"$567,500 ",2,779189
1050 006,1829 SCOTT ST,10/24/2012,"$1,775,000 ",2,1050006
2799 052,902 CORBETT AVE 4,10/24/2012,"$568,000 ",2,2799052
3162 006,1434 PLYMOUTH AVE,10/24/2012,"$828,888 ",2,3162006
3569 103,88 HOFF ST UNIT11,10/24/2012,"$679,000 ",2,3569103
6631 008,324 DAY ST,10/24/2012,"$1,641,750 ",2,6631008
5529 009,76 MONTCALM ST,10/25/2012,"$865,000 ",2,5529009
6780 008,253 THERESA ST,10/25/2012,"$735,000 ",2,6780008
0742 107,750 VAN NESS AVE 202,10/26/2012,"$530,000 ",2,742107
2649 045,4125 - 4127 17TH ST,10/26/2012,"$950,000 ",2,2649045
8720 435,480 MISSION BAY BLVD NORTH #1506,10/26/2012,"$1,282,000 ",2,8720435
0451 231,1050 NORTH POINT ST #1401,10/31/2012,"$1,100,000 ",2,451231
0980 063,2801 JACKSON ST #301,11/2/2012,"$710,000 ",2,980063
2623 214,348 CASTRO ST,11/2/2012,"$1,078,000 ",2,2623214
3719 343,301 MISSION ST #48F,11/2/2012,"$2,200,000 ",2,3719343
3789 657,229 BRANNAN ST #3-A,11/2/2012,"$1,350,000 ",2,3789657
4085 047,3011 20TH ST UNIT #3,11/2/2012,"$965,000 ",2,4085047
5329 004,1926 QUESADA AVE,11/2/2012,"$480,000 ",2,5329004
0595 151,1601 PACIFIC AVE #206,11/8/2012,"$861,000 ",2,595151
1210 044,1927 HAYES ST 5,11/8/2012,"$790,000 ",2,1210044
2777 002,3815 MARKET ST,11/8/2012,"$850,000 ",2,2777002
3727 141,180 07TH ST #201,11/8/2012,"$515,000 ",2,3727141
4991 666,0202 PELICAN COVE TERR,11/8/2012,"$605,000 ",2,4991666
5666 002,104 WOOL ST,11/8/2012,"$715,000 ",2,5666002
0062 054,1940 STOCKTON ST 103,11/9/2012,"$938,000 ",2,62054
0696 054,1388 GOUGH ST 607,11/9/2012,"$852,750 ",2,696054
1029 052,2999 CALIFORNIA ST 402,11/9/2012,"$685,000 ",2,1029052
2975 001,526 ULLOA ST,11/9/2012,"$951,000 ",2,2975001
3779 201,317 HARRIET ST UNIT #25,11/9/2012,"$725,000 ",2,3779201
3789 624,219 BRANNAN ST #14K,11/9/2012,"$1,238,625 ",2,3789624
6632 097,210 DAY ST #210,11/9/2012,"$1,035,000 ",2,6632097
8702 424,260 KING ST #1605,11/9/2012,"$1,160,000 ",2,8702424
8702 499,260 KING ST #665,11/9/2012,"$705,000 ",2,8702499
8720 411,480 MISSION BAY BLVD NORTH #1206,11/9/2012,"$1,251,000 ",2,8720411
3598 079,710 GUERRERO ST,11/13/2012,"$1,295,000 ",2,3598079
0027 042,757 NORTH POINT ST 4,11/14/2012,"$845,000 ",2,27042
1129 106,1800 TURK ST #403,11/14/2012,"$670,000 ",2,1129106
3751 337,300 03RD ST 1002,11/14/2012,"$800,000 ",2,3751337
8720 313,435 CHINA BASIN ST #617,11/14/2012,"$879,000 ",2,8720313
2854 034,155 GARDENSIDE DR 34,11/15/2012,"$570,000 ",2,2854034
8720 391,420 MISSION BAY BLVD NORTH #1002,11/15/2012,"$1,389,000 ",2,8720391
0047C130,1080 CHESTNUT ST #008A,11/21/2012,"$1,780,000 ",2,0047C130
8720 188,435 CHINA BASIN ST #327,11/26/2012,"$938,000 ",2,8720188
0624 023,1835 FRANKLIN ST 201,11/30/2012,"$870,000 ",2,624023
0677 120,2111 BUSH ST,11/30/2012,"$920,000 ",2,677120
0696 086,1388 GOUGH ST 1103,11/30/2012,"$790,000 ",2,696086
1129 034,1997 EDDY ST 1,11/30/2012,"$913,000 ",2,1129034
1136 045,124 BEAUMONT AVE,11/30/2012,"$825,000 ",2,1136045
1275 079,403 CARL STREET,11/30/2012,"$1,105,000 ",2,1275079
1824 031,1462 30TH AVE,11/30/2012,"$920,000 ",2,1824031
2361 025,2366 33RD AVE,11/30/2012,"$650,000 ",2,2361025
3601 057,637 NOE ST,11/30/2012,"$1,530,000 ",2,3601057
3719 140,301 MISSION ST #17F,11/30/2012,"$1,810,000 ",2,3719140
3719 165,301 MISSION ST #20F,11/30/2012,"$1,850,000 ",2,3719165
3745 230,301 MAIN ST UNIT 15F,11/30/2012,"$1,140,000 ",2,3745230
3776 412,555 04TH ST #841,11/30/2012,"$879,000 ",2,3776412
3789 596,219 BRANNAN ST. #9K,11/30/2012,"$1,085,000 ",2,3789596
6175 029,1125 GOETTINGEN ST,11/30/2012,"$430,000 ",2,6175029
8720 199,435 CHINA BASIN ST #338,11/30/2012,"$842,930 ",2,8720199
8720 225,435 CHINA BASIN ST #423,11/30/2012,"$901,000 ",2,8720225
8720 344,480 MISSION BAY BLVD NORTH #709,11/30/2012,"$872,000 ",2,8720344
0128C022,1750 TAYLOR ST #0703,12/11/2012,"$1,800,000 ",2,0128C022
0247C037,1200 CALIFORNIA ST #012D,12/11/2012,"$1,935,000 ",2,0247C037
